id,x,y
1,1755,8740
2,1713,8811
3,1856,8764
4,1660,8599
5,1892,8544
6,1785,8545
7,1780,8609
8,1890,8586
9,1747,8380
10,1968,8363
11,1755,8500
12,1746,8577
13,1879,8547
14,1723,8398
15,1865,8320
16,1785,8215
17,1715,8277
18,1983,8275
19,1701,8050
20,1956,8082
21,1800,8140
22,1719,8182
23,1991,8214
24,1729,7948
25,1943,8030
26,1875,7885
27,1866,7902
28,2067,7942
29,1826,7739
30,2002,7779
31,1935,7555
32,1841,7616
33,2051,7608
34,1889,7439
35,2086,7416
36,1950,7480
37,1896,7505
38,2052,7559
39,1883,7367
40,2116,7326
41,1995,7870
42,1914,7902
43,2110,7900
44,1904,7694
45,2144,7749
46,2175,7975
47,2134,8058
48,2319,8048
49,2102,7808
50,2278,7843
51,2310,8050
52,2234,8102
53,2414,8102
54,2269,7875
55,2464,7942
56,2565,8080
57,2561,8169
58,2700,8165
59,2564,7967
60,2720,7888
61,1875,8875
62,1860,8892
63,2075,8941
64,1845,8757
65,2056,8721
66,1860,8650
67,1783,8688
68,2049,8713
69,1775,8497
70,1996,8462
71,1935,8320
72,1903,8345
73,2051,8339
74,1842,8214
75,2081,8208
76,1965,8035
77,1870,8064
78,2087,8088
79,1905,7845
80,2128,7864
81,1980,7885
82,1920,7957
83,2150,7943
84,1916,7742
85,2145,7750
86,2010,7555
87,1918,7612
88,2159,7558
89,1950,7427
90,2162,7358
91,2010,7510
92,1976,7566
93,2186,7540
94,1932,7377
95,2162,7334
96,2010,7315
97,2007,7335
98,2198,7373
99,1990,7145
100,2127,7199
101,2010,7225
102,1921,7297
103,2160,7306
104,1942,7048
105,2134,7037
106,2355,8020
107,2294,8034
108,2507,8087
109,2281,7902
110,2529,7836
111,2580,8050
112,2520,8069
113,2688,8109
114,2511,7870
115,2776,7926
116,2745,8065
117,2743,8102
118,2902,8140
119,2689,7889
120,2885,7912
121,990,6625
122,911,6717
123,1155,6635
124,975,6481
125,1173,6487
126,975,6355
127,916,6440
128,1096,6386
129,974,6208
130,1104,6180
131,1185,6115
132,1103,6204
133,1323,6196
134,1143,5942
135,1288,5932
136,1050,6595
137,983,6650
138,1206,6675
139,1007,6461
140,1207,6490
141,1020,6055
142,1016,6062
143,1161,6074
144,937,5886
145,1189,5944
146,1005,5740
147,945,5784
148,1186,5809
149,989,5599
150,1146,5545
151,1050,5425
152,972,5467
153,1240,5497
154,978,5288
155,1248,5249
156,1080,5230
157,1007,5279
158,1189,5276
159,1025,5060
160,1275,5032
161,1095,5065
162,1057,5156
163,1197,5150
164,1051,4887
165,1201,4934
166,1350,6745
167,1310,6812
168,1508,6802
169,1256,6621
170,1485,6577
171,1575,6865
172,1554,6917
173,1766,6870
174,1541,6669
175,1682,6736
176,1935,6865
177,1839,6960
178,2076,6914
179,1867,6758
180,2111,6707
181,2160,6910
182,2102,6930
183,2333,6991
184,2085,6715
185,2278,6786
186,2445,6910
187,2371,6939
188,2621,6979
189,2435,6788
190,2581,6790
191,2790,6895
192,2704,6989
193,2954,6953
194,2787,6718
195,2945,6728
196,2850,6670
197,2840,6736
198,3027,6734
199,2794,6498
200,2978,6561
201,2865,6610
202,2827,6679
203,3045,6693
204,2814,6465
205,2997,6496
206,2805,6355
207,2768,6359
208,2966,6436
209,2765,6195
210,2974,6179
211,2730,5995
212,2681,6038
213,2865,5998
214,2677,5892
215,2895,5880
216,2700,5815
217,2610,5853
218,2842,5881
219,2604,5626
220,2874,5639
221,2685,5695
222,2632,5708
223,2831,5760
224,2639,5541
225,2856,5569
226,2670,5500
227,2666,5567
228,2807,5567
229,2612,5338
230,2829,5340
231,2670,5335
232,2585,5410
233,2799,5351
234,2609,5235
235,2835,5137
236,2610,5185
237,2598,5272
238,2771,5216
239,2549,5003
240,2750,5002
241,1425,4870
242,1347,4897
243,1623,4873
244,1390,4724
245,1586,4685
246,1605,5005
247,1556,5100
248,1735,5008
249,1566,4852
250,1736,4807
251,1935,5200
252,1867,5265
253,2105,5273
254,1934,5007
255,2112,5059
256,2205,5395
257,2155,5482
258,2364,5427
259,2179,5217
260,2355,5238
261,2415,5395
262,2327,5480
263,2575,5468
264,2321,5249
265,2542,5278
266,3225,7480
267,3176,7540
268,3389,7544
269,3167,7321
270,3336,7365
271,3225,7450
272,3151,7536
273,3409,7498
274,3177,7343
275,3353,7282
276,3540,7450
277,3461,7462
278,3701,7495
279,3472,7349
280,3670,7327
281,3990,7450
282,3932,7514
283,4148,7497
284,3893,7271
285,4184,7303
286,4125,7510
287,4048,7550
288,4290,7533
289,4035,7405
290,4248,7375
291,4365,7690
292,4288,7705
293,4561,7707
294,4289,7524
295,4507,7584
296,4695,7720
297,4620,7759
298,4887,7765
299,4635,7544
300,4800,7616
301,3480,7510
302,3417,7547
303,3596,7513
304,3460,7339
305,3667,7312
306,4500,7705
307,4491,7713
308,4657,7763
309,4490,7590
310,4691,7522
311,3810,8725
312,3757,8751
313,3941,8778
314,3748,8528
315,3955,8547
316,3795,8365
317,3783,8407
318,3972,8373
319,3718,8238
320,3994,8239
321,3795,7915
322,3716,7995
323,3954,7929
324,3758,7769
325,3926,7718
326,3825,7645
327,3806,7684
328,3991,7687
329,3731,7530
330,3967,7459
331,3870,8620
332,3794,8715
333,3984,8653
334,3791,8497
335,4031,8510
336,3870,8290
337,3805,8386
338,4011,8297
339,3774,8109
340,4008,8175
341,3945,7840
342,3866,7908
343,4057,7896
344,3922,7711
345,4095,7671
346,4170,6925
347,4086,6934
348,4286,6975
349,4154,6796
350,4270,6758
351,4215,6655
352,4193,6751
353,4384,6686
354,4212,6486
355,4330,6528
356,4395,6295
357,4385,6371
358,4504,6313
359,4305,6133
360,4541,6101
361,4515,6040
362,4476,6115
363,4615,6044
364,4461,5894
365,4686,5902
366,4530,5890
367,4453,5983
368,4663,5948
369,4479,5707
370,4721,5739
371,4860,5470
372,4795,5474
373,4982,5493
374,4850,5308
375,4993,5316
376,4905,5380
377,4884,5437
378,5011,5396
379,4871,5185
380,5054,5190
381,5160,5290
382,5125,5368
383,5309,5323
384,5156,5169
385,5277,5161
386,5280,5170
387,5206,5235
388,5422,5210
389,5206,5068
390,5418,5006
391,5610,4960
392,5528,5054
393,5808,5042
394,5537,4834
395,5749,4844
396,5430,4990
397,5357,5004
398,5587,5067
399,5425,4884
400,5602,4863
401,5610,5365
402,5570,5415
403,5793,5382
404,5561,5186
405,5724,5198
406,5625,5020
407,5575,5021
408,5791,5092
409,5564,4910
410,5792,4889
411,5370,4870
412,5325,4912
413,5491,4955
414,5302,4685
415,5528,4733
416,4965,5050
417,4924,5073
418,5152,5124
419,4889,4932
420,5104,4920
421,4695,5395
422,4664,5462
423,4822,5428
424,4632,5249
425,4882,5217
426,4635,5980
427,4555,6056
428,4768,6009
429,4550,5848
430,4739,5804
431,5055,6640
432,5024,6662
433,5172,6646
434,4985,6475
435,5171,6496
436,4650,6145
437,4649,6202
438,4771,6228
439,4627,5988
440,4826,6021
441,4905,6595
442,4824,6599
443,5012,6648
444,4883,6449
445,5066,6409
446,4650,6460
447,4611,6523
448,4816,6545
449,4627,6266
450,4823,6335
451,4395,6265
452,4380,6275
453,4506,6286
454,4341,6074
455,4533,6105
456,3975,5920
457,3948,6012
458,4159,6000
459,3955,5772
460,4083,5786
461,3720,5830
462,3653,5866
463,3867,5885
464,3720,5726
465,3881,5713
466,3600,5755
467,3599,5795
468,3790,5770
469,3551,5634
470,3798,5652
471,3540,5695
472,3469,5774
473,3668,5698
474,3445,5507
475,3687,5584
476,3495,5665
477,3400,5669
478,3596,5703
479,3452,5549
480,3654,5480
481,4470,8515
482,4407,8552
483,4642,8528
484,4397,8370
485,4582,8320
486,4515,8485
487,4473,8565
488,4646,8580
489,4477,8348
490,4621,8351
491,4545,8440
492,4470,8447
493,4738,8469
494,4477,8260
495,4715,8318
496,4560,8395
497,4482,8461
498,4756,8429
499,4493,8208
500,4715,8292
501,4575,8365
502,4532,8449
503,4682,8366
504,4560,8170
505,4713,8220
506,4575,8695
507,4538,8754
508,4688,8795
509,4510,8527
510,4696,8551
511,3465,5755
512,3463,5821
513,3595,5829
514,3417,5562
515,3597,5637
516,3315,5710
517,3262,5765
518,3511,5751
519,3248,5526
520,3436,5599
521,3270,5695
522,3186,5745
523,3447,5790
524,3269,5517
525,3436,5502
526,3825,5935
527,3764,5986
528,3987,5939
529,3819,5797
530,3994,5778
531,4035,6085
532,4009,6118
533,4200,6096
534,4026,5933
535,4191,5961
536,4695,6175
537,4600,6220
538,4820,6210
539,4678,6042
540,4876,6039
541,4815,6430
542,4755,6441
543,4923,6500
544,4808,6311
545,4934,6267
546,6390,8560
547,6301,8592
548,6492,8642
549,6356,8387
550,6563,8361
551,6405,8305
552,6383,8387
553,6528,8322
554,6377,8123
555,6575,8141
556,6435,7780
557,6358,7790
558,6543,7872
559,6342,7620
560,6596,7679
561,6435,7480
562,6389,7522
563,6559,7480
564,6428,7336
565,6558,7300
566,6465,6895
567,6370,6971
568,6624,6905
569,6439,6698
570,6625,6700
571,6510,6355
572,6444,6443
573,6638,6421
574,6431,6247
575,6706,6190
576,6585,6130
577,6509,6157
578,6755,6215
579,6516,5941
580,6770,5997
581,6585,6040
582,6568,6058
583,6735,6101
584,6508,5863
585,6688,5870
586,6540,5650
587,6485,5709
588,6698,5713
589,6484,5514
590,6693,5481
591,6540,5575
592,6507,5602
593,6647,5608
594,6504,5421
595,6701,5425
596,6510,5455
597,6444,5525
598,6646,5546
599,6488,5311
600,6689,5299
601,6510,5395
602,6462,5408
603,6622,5423
604,6419,5252
605,6694,5238
606,6600,8680
607,6556,8736
608,6723,8695
609,6501,8565
610,6779,8533
611,7020,8860
612,6923,8933
613,7203,8954
614,6944,8713
615,7209,8715
616,7170,8830
617,7147,8844
618,7301,8913
619,7146,8678
620,7338,8635
621,7290,8800
622,7276,8804
623,7424,8876
624,7265,8632
625,7481,8633
626,7335,8650
627,7298,8691
628,7514,8692
629,7304,8492
630,7497,8496
631,7170,8470
632,7136,8471
633,7351,8492
634,7098,8360
635,7276,8295
636,7380,8425
637,7359,8459
638,7560,8462
639,7327,8289
640,7556,8249
641,7365,8065
642,7275,8129
643,7506,8145
644,7312,7889
645,7514,7941
646,7365,7825
647,7356,7915
648,7517,7843
649,7340,7635
650,7492,7711
651,7365,7375
652,7347,7462
653,7493,7470
654,7364,7206
655,7501,7210
656,7365,7195
657,7330,7200
658,7473,7224
659,7283,7072
660,7494,7073
661,7395,7015
662,7343,7084
663,7553,7029
664,7345,6823
665,7578,6862
666,7395,6685
667,7361,6762
668,7561,6703
669,7337,6547
670,7594,6532
671,7410,6415
672,7385,6420
673,7557,6500
674,7374,6267
675,7514,6275
676,7425,5965
677,7384,5967
678,7566,5997
679,7338,5828
680,7577,5806
681,7455,5725
682,7382,5819
683,7566,5779
684,7363,5584
685,7572,5546
686,7515,5605
687,7426,5683
688,7662,5623
689,7511,5481
690,7618,5410
691,7545,5365
692,7516,5396
693,7709,5433
694,7492,5191
695,7681,5240
696,7545,5260
697,7533,5261
698,7647,5283
699,7502,5157
700,7714,5147
701,7500,5155
702,7471,5168
703,7623,5230
704,7447,5006
705,7678,5027
706,7500,4990
707,7453,5057
708,7619,5083
709,7462,4814
710,7664,4824
711,7410,5200
712,7404,5238
713,7514,5220
714,7383,5030
715,7566,5056
716,6405,5125
717,6380,5200
718,6522,5200
719,6381,4979
720,6511,5018
721,6465,5470
722,6369,5473
723,6587,5521
724,6456,5330
725,6654,5345
726,6525,5890
727,6442,5910
728,6633,5907
729,6489,5774
730,6633,5700
731,6480,6055
732,6449,6058
733,6672,6070
734,6447,5893
735,6670,5932
736,6510,6595
737,6455,6596
738,6621,6660
739,6504,6404
740,6697,6427
741,6495,7330
742,6448,7367
743,6625,7389
744,6461,7191
745,6671,7137
746,6480,8245
747,6406,8257
748,6619,8311
749,6409,8073
750,6639,8051
751,6435,8470
752,6357,8471
753,6587,8499
754,6389,8295
755,6597,8282
756,6405,8755
757,6329,8807
758,6514,8821
759,6341,8592
760,6543,8635
761,6750,8800
762,6691,8891
763,6923,8872
764,6746,8628
765,6914,8641
766,6855,8815
767,6761,8832
768,6991,8829
769,6835,8648
770,6996,8715
771,7320,8815
772,7297,8820
773,7430,8850
774,7279,8681
775,7517,8653
776,7365,8830
777,7302,8835
778,7501,8885
779,7292,8643
780,7549,8642
781,7350,8665
782,7345,8705
783,7527,8731
784,7257,8502
785,7528,8517
786,6630,7585
787,6613,7596
788,6754,7622
789,6573,7459
790,6811,7449
791,6945,7600
792,6905,7692
793,7136,7610
794,6852,7437
795,7066,7429
796,7020,7615
797,6929,7648
798,7137,7620
799,7013,7427
800,7169,7418
801,6690,6685
802,6628,6744
803,6856,6700
804,6614,6548
805,6833,6501
806,6750,6670
807,6731,6738
808,6879,6679
809,6693,6495
810,6853,6545
811,6780,6640
812,6775,6677
813,6899,6668
814,6703,6451
815,6938,6500
816,6870,6640
817,6834,6653
818,7047,6733
819,6829,6449
820,7029,6468
821,7125,6655
822,7122,6677
823,7291,6751
824,7096,6535
825,7308,6463
826,7155,6655
827,7080,6719
828,7330,6660
829,7060,6516
830,7287,6463
831,7260,6670
832,7168,6683
833,7381,6735
834,7192,6535
835,7394,6477
836,7290,6670
837,7218,6689
838,7431,6763
839,7238,6549
840,7429,6531
841,7965,9250
842,7960,9256
843,8065,9332
844,7938,9114
845,8090,9053
846,7965,9025
847,7905,9099
848,8153,9027
849,7919,8883
850,8159,8861
851,7905,8815
852,7828,8912
853,8025,8909
854,7865,8688
855,8077,8658
856,7860,8485
857,7786,8511
858,7994,8564
859,7847,8382
860,7973,8364
861,7845,8290
862,7803,8374
863,8040,8339
864,7802,8180
865,8037,8165
866,7830,8185
867,7782,8257
868,8023,8257
869,7744,8076
870,7942,8021
871,8145,8170
872,8110,8233
873,8287,8262
874,8075,7981
875,8345,8015
876,8175,8320
877,8158,8329
878,8356,8348
879,8075,8157
880,8282,8176
881,8400,8335
882,8311,8367
883,8575,8407
884,8345,8168
885,8510,8235
886,8715,8335
887,8699,8368
888,8829,8428
889,8626,8168
890,8828,8218
891,9165,8335
892,9125,8422
893,9276,8369
894,9133,8187
895,9305,8221
896,8760,8350
897,8683,8393
898,8867,8363
899,8673,8226
900,8905,8216
901,8595,8350
902,8574,8375
903,8760,8375
904,8560,8217
905,8700,8202
906,9345,8290
907,9308,8323
908,9521,8327
909,9315,8152
910,9465,8141
911,8055,6910
912,7988,6953
913,8209,7003
914,8055,6783
915,8174,6753
916,8055,6955
917,8026,6958
918,8192,6966
919,8004,6843
920,8208,6840
921,7980,7000
922,7967,7038
923,8171,7084
924,7920,6868
925,8180,6807
926,8325,7060
927,8238,7107
928,8430,7141
929,8241,6910
930,8485,6875
931,8445,7060
932,8353,7066
933,8639,7106
934,8394,6908
935,8607,6950
936,8640,7075
937,8594,7139
938,8836,7171
939,8576,6922
940,8796,6963
941,8865,7090
942,8825,7135
943,9042,7114
944,8860,6900
945,8986,6930
946,8940,7090
947,8899,7140
948,9066,7090
949,8914,6965
950,9097,6941
951,9045,7090
952,8955,7142
953,9202,7157
954,8987,6942
955,9237,6892
956,9255,7030
957,9250,7031
958,9364,7072
959,9251,6860
960,9433,6880
961,9360,7060
962,9283,7083
963,9508,7080
964,9316,6930
965,9552,6885
966,8505,8920
967,8432,8935
968,8668,8989
969,8473,8729
970,8641,8753
971,8490,8860
972,8455,8915
973,8657,8891
974,8393,8720
975,8626,8715
976,8535,8545
977,8455,8634
978,8636,8571
979,8491,8355
980,8680,8391
981,8580,8425
982,8481,8470
983,8709,8472
984,8528,8246
985,8720,8263
986,8625,8140
987,8565,8160
988,8766,8201
989,8549,7969
990,8747,7976
991,8640,7915
992,8637,8005
993,8790,7929
994,8597,7763
995,8759,7737
996,8640,7540
997,8594,7544
998,8837,7562
999,8580,7403
1000,8822,7391
1001,8640,7435
1002,8559,7522
1003,8786,7514
1004,8635,7273
1005,8829,7289
1006,8670,6865
1007,8595,6903
1008,8856,6919
1009,8638,6675
1010,8811,6701
1011,8670,6610
1012,8602,6642
1013,8802,6699
1014,8598,6499
1015,8835,6490
1016,8700,6280
1017,8621,6299
1018,8822,6284
1019,8673,6145
1020,8813,6120
1021,8745,5815
1022,8646,5839
1023,8868,5907
1024,8668,5713
1025,8908,5662
1026,8760,5605
1027,8666,5650
1028,8882,5625
1029,8682,5431
1030,8876,5413
1031,8760,5485
1032,8754,5542
1033,8895,5518
1034,8703,5345
1035,8959,5287
1036,7935,5320
1037,7882,5331
1038,8037,5369
1039,7916,5209
1040,8099,5207
1041,8370,5305
1042,8344,5335
1043,8555,5366
1044,8326,5179
1045,8558,5198
1046,8625,5320
1047,8533,5335
1048,8800,5357
1049,8539,5172
1050,8799,5145
1051,8715,5320
1052,8623,5359
1053,8902,5341
1054,8641,5155
1055,8862,5185
1056,9300,5425
1057,9256,5478
1058,9460,5456
1059,9288,5236
1060,9460,5294
1061,9555,5260
1062,9517,5342
1063,9712,5320
1064,9475,5102
1065,9745,5126
1066,9270,5305
1067,9227,5329
1068,9440,5383
1069,9238,5169
1070,9408,5169
1071,9060,5320
1072,8960,5374
1073,9171,5346
1074,8962,5210
1075,9193,5163
1076,8685,5320
1077,8660,5342
1078,8807,5344
1079,8604,5127
1080,8810,5179
1081,8475,5275
1082,8464,5328
1083,8640,5340
1084,8414,5151
1085,8667,5117
1086,8175,5230
1087,8151,5276
1088,8306,5248
1089,8083,5066
1090,8310,5130
1091,7965,5200
1092,7959,5276
1093,8099,5225
1094,7961,5098
1095,8147,5011
1096,9315,5215
1097,9242,5307
1098,9428,5220
1099,9315,5065
1100,9500,5048
1101,9600,5140
1102,9582,5159
1103,9733,5192
1104,9539,4993
1105,9720,5036
1106,9585,5350
1107,9577,5407
1108,9768,5383
1109,9545,5194
1110,9774,5156
1111,9525,5350
1112,9441,5430
1113,9703,5442
1114,9459,5186
1115,9645,5194
1116,9315,5245
1117,9253,5283
1118,9473,5293
1119,9270,5061
1120,9479,5111
1121,9075,5215
1122,9039,5270
1123,9261,5308
1124,9020,5060
1125,9273,5018
1126,8970,5230
1127,8899,5261
1128,9122,5327
1129,8919,5092
1130,9095,5090
1131,8625,5290
1132,8616,5331
1133,8796,5292
1134,8564,5168
1135,8796,5108
1136,8460,5275
1137,8392,5310
1138,8642,5303
1139,8369,5155
1140,8648,5108
1141,8805,5575
1142,8766,5611
1143,8954,5641
1144,8786,5405
1145,8958,5412
1146,8760,5875
1147,8672,5919
1148,8923,5961
1149,8660,5741
1150,8928,5709
1151,8775,6055
1152,8717,6090
1153,8911,6086
1154,8712,5954
1155,8936,5861
1156,8700,6295
1157,8635,6353
1158,8810,6314
1159,8688,6112
1160,8882,6104
1161,8700,6430
1162,8699,6466
1163,8848,6474
1164,8673,6311
1165,8809,6303
1166,8730,6580
1167,8696,6651
1168,8870,6654
1169,8668,6410
1170,8874,6385
1171,8730,6715
1172,8726,6751
1173,8930,6768
1174,8684,6589
1175,8843,6600
1176,8745,7270
1177,8717,7352
1178,8912,7368
1179,8661,7072
1180,8915,7139
1181,8730,7420
1182,8631,7452
1183,8837,7423
1184,8675,7294
1185,8920,7308
1186,8715,7750
1187,8632,7836
1188,8823,7787
1189,8702,7579
1190,8891,7597
1191,8670,8200
1192,8648,8220
1193,8856,8243
1194,8583,8079
1195,8825,8029
1196,8565,8770
1197,8532,8852
1198,8743,8809
1199,8483,8580
1200,8743,8657
1201,8580,8935
1202,8573,9032
1203,8731,8953
1204,8503,8819
1205,8703,8790
1206,8565,9220
1207,8554,9285
1208,8758,9270
1209,8539,9059
1210,8756,9056
1211,8565,9220
1212,8477,9281
1213,8684,9296
1214,8506,9107
1215,8674,9033
1216,8565,9220
1217,8512,9253
1218,8733,9237
1219,8485,9035
1220,8695,9060
1221,8685,9085
1222,8585,9092
1223,8790,9149
1224,8616,8971
1225,8816,8934
1226,8670,8935
1227,8577,9018
1228,8790,9022
1229,8592,8770
1230,8782,8781
1231,8940,8365
1232,8864,8399
1233,9066,8393
1234,8901,8240
1235,9042,8177
1236,8970,8365
1237,8904,8375
1238,9133,8371
1239,8915,8259
1240,9123,8166
1241,9060,8380
1242,9007,8417
1243,9255,8395
1244,9055,8234
1245,9200,8227
1246,9270,8380
1247,9266,8393
1248,9383,8403
1249,9227,8271
1250,9436,8233
1251,9540,8440
1252,9477,8454
1253,9670,8513
1254,9540,8257
1255,9699,8241
1256,9660,8440
1257,9616,8529
1258,9846,8523
1259,9581,8261
1260,9829,8287
1261,7965,9145
1262,7924,9207
1263,8110,9193
1264,7905,9009
1265,8140,8966
1266,7965,9145
1267,7946,9178
1268,8162,9179
1269,7868,9027
1270,8142,8976
1271,7980,9115
1272,7959,9192
1273,8137,9201
1274,7961,9004
1275,8084,8970
1276,8010,9025
1277,7946,9068
1278,8173,9047
1279,7980,8896
1280,8116,8876
1281,8025,8770
1282,7986,8826
1283,8205,8805
1284,8015,8660
1285,8186,8619
1286,8025,8680
1287,8012,8696
1288,8223,8774
1289,8012,8564
1290,8195,8535
1291,8025,8560
1292,7998,8657
1293,8156,8602
1294,7956,8424
1295,8187,8410
1296,7980,8410
1297,7880,8459
1298,8099,8508
1299,7899,8228
1300,8167,8299
1301,7935,8230
1302,7913,8326
1303,8061,8284
1304,7906,8038
1305,8057,8034
1306,7905,8170
1307,7845,8208
1308,8046,8249
1309,7837,8041
1310,8076,7970
1311,7650,7900
1312,7594,7949
1313,7829,7917
1314,7624,7719
1315,7808,7759
1316,8610,9235
1317,8583,9315
1318,8789,9321
1319,8602,9074
1320,8748,9071
1321,8670,9040
1322,8605,9095
1323,8776,9119
1324,8577,8933
1325,8855,8902
1326,8670,8770
1327,8634,8843
1328,8820,8834
1329,8634,8589
1330,8773,8613
1331,8670,8635
1332,8588,8644
1333,8794,8720
1334,8605,8463
1335,8788,8494
1336,8685,8305
1337,8664,8318
1338,8853,8366
1339,8600,8112
1340,8868,8172
1341,8445,8230
1342,8402,8239
1343,8592,8314
1344,8369,8050
1345,8619,8127
1346,8400,8320
1347,8384,8417
1348,8550,8343
1349,8308,8122
1350,8593,8176
1351,8370,8290
1352,8289,8341
1353,8562,8311
1354,8309,8156
1355,8537,8114
1356,8625,8380
1357,8569,8402
1358,8736,8478
1359,8536,8279
1360,8773,8237
1361,8745,8380
1362,8714,8413
1363,8918,8425
1364,8691,8243
1365,8858,8265
1366,8850,8380
1367,8775,8464
1368,9017,8411
1369,8839,8275
1370,9014,8196
1371,9060,8365
1372,9032,8416
1373,9168,8366
1374,8971,8173
1375,9188,8194
1376,9225,8440
1377,9218,8521
1378,9359,8511
1379,9132,8328
1380,9382,8320
1381,8145,6955
1382,8140,6956
1383,8255,6991
1384,8144,6853
1385,8273,6756
1386,8010,6910
1387,7923,6920
1388,8136,6974
1389,7942,6784
1390,8153,6807
1391,8025,6925
1392,7928,7007
1393,8221,7024
1394,8001,6755
1395,8153,6774
1396,7980,6865
1397,7930,6932
1398,8140,6922
1399,7908,6716
1400,8117,6678
1401,8235,6835
1402,8197,6925
1403,8417,6869
1404,8143,6735
1405,8379,6654
1406,8745,6985
1407,8716,7035
1408,8896,7082
1409,8706,6799
1410,8899,6860
1411,8955,7105
1412,8892,7126
1413,9137,7195
1414,8914,6910
1415,9147,6964
1416,9240,7105
1417,9181,7159
1418,9355,7135
1419,9238,6966
1420,9350,6934
1421,8655,8020
1422,8648,8093
1423,8769,8032
1424,8652,7863
1425,8841,7835
1426,8640,7765
1427,8566,7843
1428,8807,7769
1429,8542,7654
1430,8762,7588
1431,8700,7390
1432,8698,7433
1433,8891,7439
1434,8685,7200
1435,8844,7225
1436,8700,7720
1437,8691,7737
1438,8824,7785
1439,8642,7614
1440,8804,7524
1441,8730,7750
1442,8645,7776
1443,8861,7796
1444,8721,7553
1445,8909,7614
1446,8700,7450
1447,8602,7520
1448,8800,7511
1449,8680,7324
1450,8872,7269
1451,8640,7210
1452,8551,7231
1453,8788,7261
1454,8620,7029
1455,8749,7060
1456,8595,6730
1457,8520,6761
1458,8707,6767
1459,8580,6556
1460,8737,6544
1461,8550,6415
1462,8501,6439
1463,8708,6426
1464,8467,6270
1465,8698,6255
1466,8535,6385
1467,8459,6485
1468,8710,6427
1469,8455,6230
1470,8664,6221
1471,8565,6250
1472,8467,6282
1473,8742,6322
1474,8532,6058
1475,8677,6131
1476,8790,6070
1477,8757,6142
1478,8894,6091
1479,8743,5900
1480,8940,5902
1481,8700,5935
1482,8628,5977
1483,8821,6017
1484,8697,5809
1485,8818,5754
1486,8565,5800
1487,8483,5844
1488,8681,5822
1489,8512,5676
1490,8684,5649
1491,8580,5710
1492,8575,5761
1493,8685,5796
1494,8553,5560
1495,8759,5512
1496,8760,5485
1497,8703,5498
1498,8886,5577
1499,8730,5367
1500,8912,5319
1501,8595,5425
1502,8564,5480
1503,8739,5458
1504,8554,5259
1505,8708,5301
1506,7965,5245
1507,7872,5321
1508,8114,5322
1509,7951,5088
1510,8130,5078
1511,8115,5215
1512,8031,5266
1513,8269,5283
1514,8036,5037
1515,8250,5103
1516,8205,5230
1517,8182,5260
1518,8306,5255
1519,8166,5087
1520,8379,5124
1521,1875,8935
1522,1775,8972
1523,2027,8975
1524,1801,8746
1525,2035,8820
1526,1920,8950
1527,1838,9022
1528,2118,9032
1529,1881,8770
1530,2114,8814
1531,1920,8875
1532,1909,8884
1533,2072,8969
1534,1858,8773
1535,2023,8689
1536,1890,8605
1537,1885,8704
1538,2045,8700
1539,1841,8435
1540,2031,8494
1541,1890,8395
1542,1837,8459
1543,2061,8473
1544,1813,8274
1545,2072,8216
1546,1875,8140
1547,1850,8147
1548,2063,8151
1549,1873,8023
1550,2005,7956
1551,1875,7975
1552,1814,8075
1553,1998,8013
1554,1822,7828
1555,1986,7830
1556,1965,7795
1557,1887,7888
1558,2078,7872
1559,1931,7671
1560,2142,7688
1561,2010,7645
1562,1943,7657
1563,2134,7666
1564,1986,7460
1565,2115,7506
1566,2010,7525
1567,1913,7580
1568,2155,7565
1569,1932,7331
1570,2208,7390
1571,2025,7390
1572,2017,7487
1573,2216,7465
1574,2000,7252
1575,2206,7276
1576,2025,7330
1577,2008,7419
1578,2125,7376
1579,1956,7200
1580,2133,7210
1581,2040,7330
1582,2024,7383
1583,2178,7376
1584,1950,7222
1585,2194,7208
1586,2310,7930
1587,2238,8021
1588,2504,7973
1589,2268,7795
1590,2433,7815
1591,2295,8005
1592,2268,8082
1593,2477,8085
1594,2241,7805
1595,2435,7888
1596,2385,8050
1597,2287,8110
1598,2527,8127
1599,2354,7937
1600,2543,7877
1601,2580,8110
1602,2505,8175
1603,2717,8136
1604,2529,7995
1605,2734,7958
1606,2730,8125
1607,2703,8217
1608,2889,8220
1609,2660,7958
1610,2860,7977
1611,1065,6745
1612,971,6759
1613,1186,6774
1614,1050,6588
1615,1177,6564
1616,1005,6700
1617,910,6783
1618,1167,6745
1619,912,6502
1620,1158,6507
1621,1155,6715
1622,1136,6737
1623,1302,6752
1624,1074,6586
1625,1285,6560
1626,1350,6715
1627,1315,6746
1628,1516,6788
1629,1315,6603
1630,1494,6554
1631,1635,6760
1632,1551,6844
1633,1767,6856
1634,1552,6625
1635,1758,6631
1636,1890,6850
1637,1807,6882
1638,2076,6875
1639,1859,6739
1640,2008,6746
1641,1905,6895
1642,1882,6993
1643,2097,6948
1644,1849,6718
1645,2012,6740
1646,2055,6910
1647,1983,6993
1648,2194,6959
1649,2041,6713
1650,2246,6734
1651,2580,7000
1652,2509,7061
1653,2721,7056
1654,2546,6841
1655,2777,6813
1656,2715,6955
1657,2677,7037
1658,2854,7047
1659,2696,6780
1660,2892,6824
1661,1680,6880
1662,1617,6949
1663,1877,6931
1664,1630,6697
1665,1789,6703
1666,1410,6790
1667,1397,6814
1668,1513,6790
1669,1329,6643
1670,1604,6669
1671,1365,6715
1672,1334,6735
1673,1538,6799
1674,1325,6561
1675,1524,6535
1676,1095,6400
1677,1062,6407
1678,1241,6421
1679,1062,6284
1680,1251,6201
1681,1155,6325
1682,1143,6335
1683,1342,6329
1684,1116,6152
1685,1318,6178
1686,1125,5875
1687,1092,5904
1688,1309,5876
1689,1114,5689
1690,1305,5756
1691,1125,5830
1692,1086,5867
1693,1278,5886
1694,1046,5686
1695,1260,5697
1696,1080,5740
1697,1034,5824
1698,1213,5827
1699,1032,5580
1700,1260,5607
1701,1035,5620
1702,989,5716
1703,1222,5708
1704,938,5449
1705,1227,5431
1706,1080,5455
1707,1074,5527
1708,1187,5481
1709,1001,5315
1710,1253,5260
1711,1080,5365
1712,1012,5451
1713,1186,5411
1714,1055,5210
1715,1229,5195
1716,1110,5305
1717,1061,5393
1718,1233,5370
1719,1071,5175
1720,1283,5147
1721,1200,4945
1722,1160,4947
1723,1323,5022
1724,1101,4843
1725,1322,4816
1726,1155,4900
1727,1146,4929
1728,1351,4951
1729,1094,4767
1730,1353,4724
1731,1305,4900
1732,1209,4942
1733,1461,4929
1734,1252,4787
1735,1432,4782
1736,1515,5065
1737,1496,5157
1738,1657,5095
1739,1435,4912
1740,1676,4865
1741,1515,5095
1742,1445,5097
1743,1634,5143
1744,1494,4904
1745,1693,4904
1746,1845,5170
1747,1830,5244
1748,2022,5220
1749,1815,4979
1750,2025,4986
1751,1905,5200
1752,1809,5280
1753,2034,5281
1754,1867,5060
1755,2097,5100
1756,1905,5245
1757,1875,5317
1758,2020,5302
1759,1858,5093
1760,2074,5063
1761,1980,5245
1762,1971,5318
1763,2080,5319
1764,1943,5081
1765,2165,5045
1766,2205,5485
1767,2105,5568
1768,2379,5584
1769,2142,5346
1770,2349,5338
1771,2400,5590
1772,2356,5666
1773,2550,5665
1774,2346,5426
1775,2572,5448
1776,2415,5605
1777,2357,5608
1778,2583,5627
1779,2401,5451
1780,2536,5474
1781,2640,5650
1782,2606,5738
1783,2832,5681
1784,2617,5505
1785,2808,5469
1786,2670,5620
1787,2632,5650
1788,2782,5692
1789,2636,5519
1790,2785,5432
1791,2715,5545
1792,2701,5549
1793,2858,5633
1794,2637,5436
1795,2904,5375
1796,2790,5725
1797,2714,5786
1798,2914,5823
1799,2732,5543
1800,2933,5554
1801,2895,5995
1802,2877,6018
1803,3014,6089
1804,2842,5836
1805,3047,5835
1806,2865,6235
1807,2859,6326
1808,2982,6280
1809,2846,6133
1810,2984,6102
1811,2865,6325
1812,2783,6365
1813,2999,6420
1814,2782,6126
1815,3035,6218
1816,2940,6565
1817,2878,6584
1818,3049,6626
1819,2888,6402
1820,3099,6438
1821,2940,6685
1822,2902,6738
1823,3046,6722
1824,2937,6553
1825,3101,6523
1826,2895,6895
1827,2818,6936
1828,3009,6987
1829,2804,6727
1830,3074,6789
1831,2835,6895
1832,2813,6953
1833,2983,6964
1834,2789,6735
1835,2975,6717
1836,2640,6895
1837,2552,6948
1838,2788,6981
1839,2569,6774
1840,2835,6771
1841,2535,6910
1842,2467,6962
1843,2713,6947
1844,2488,6722
1845,2657,6800
1846,2385,6910
1847,2357,6964
1848,2512,6999
1849,2358,6786
1850,2507,6777
1851,2250,6910
1852,2240,6943
1853,2360,6997
1854,2210,6793
1855,2373,6800
1856,1950,6910
1857,1919,6949
1858,2116,6958
1859,1858,6729
1860,2126,6723
1861,3195,7510
1862,3113,7607
1863,3356,7577
1864,3135,7358
1865,3353,7379
1866,3225,7510
1867,3193,7516
1868,3407,7520
1869,3225,7316
1870,3397,7372
1871,3315,7495
1872,3295,7535
1873,3460,7518
1874,3274,7300
1875,3459,7368
1876,3495,7510
1877,3430,7561
1878,3684,7532
1879,3407,7343
1880,3621,7369
1881,3615,7510
1882,3558,7571
1883,3793,7512
1884,3597,7361
1885,3810,7360
1886,3780,7540
1887,3716,7611
1888,3883,7571
1889,3693,7436
1890,3934,7393
1891,3885,7570
1892,3857,7625
1893,4062,7622
1894,3860,7452
1895,4013,7417
1896,3990,7585
1897,3925,7648
1898,4130,7669
1899,3956,7479
1900,4161,7474
1901,4080,7600
1902,4013,7620
1903,4236,7619
1904,3985,7495
1905,4238,7410
1906,4230,7660
1907,4229,7685
1908,4346,7686
1909,4167,7482
1910,4423,7475
1911,4425,7660
1912,4417,7712
1913,4557,7710
1914,4360,7547
1915,4526,7545
1916,4575,7660
1917,4568,7712
1918,4720,7667
1919,4568,7538
1920,4710,7537
1921,4635,7675
1922,4548,7724
1923,4755,7766
1924,4568,7531
1925,4807,7496
1926,4755,7675
1927,4739,7717
1928,4900,7746
1929,4754,7533
1930,4869,7498
1931,4740,7645
1932,4703,7652
1933,4875,7735
1934,4703,7542
1935,4928,7509
1936,4470,7510
1937,4406,7602
1938,4600,7577
1939,4390,7370
1940,4615,7410
1941,4140,7435
1942,4048,7458
1943,4333,7529
1944,4132,7243
1945,4302,7296
1946,3930,7420
1947,3845,7518
1948,4045,7461
1949,3853,7300
1950,4072,7273
1951,3600,8665
1952,3513,8759
1953,3710,8714
1954,3584,8551
1955,3712,8523
1956,3615,8770
1957,3601,8828
1958,3733,8809
1959,3587,8585
1960,3738,8601
1961,3630,8845
1962,3573,8861
1963,3732,8848
1964,3536,8673
1965,3783,8648
1966,3705,8935
1967,3621,9003
1968,3857,8944
1969,3638,8797
1970,3808,8815
1971,3675,8770
1972,3640,8858
1973,3859,8772
1974,3598,8599
1975,3775,8612
1976,3855,8515
1977,3826,8540
1978,3990,8613
1979,3827,8333
1980,4052,8361
1981,3825,8440
1982,3768,8445
1983,3996,8533
1984,3726,8329
1985,3995,8263
1986,3810,8260
1987,3725,8286
1988,3991,8313
1989,3765,8139
1990,3931,8138
1991,3810,8170
1992,3754,8234
1993,3990,8192
1994,3715,7972
1995,3987,8062
1996,3870,7885
1997,3784,7953
1998,3976,7905
1999,3817,7729
2000,4060,7706
2001,3990,7780
2002,3923,7843
2003,4115,7818
2004,3891,7646
2005,4127,7675
2006,3990,7720
2007,3924,7768
2008,4116,7766
2009,3904,7527
2010,4110,7542
2011,4470,8755
2012,4446,8853
2013,4594,8841
2014,4425,8634
2015,4637,8636
2016,4425,8665
2017,4366,8727
2018,4582,8743
2019,4346,8532
2020,4553,8494
2021,4410,8590
2022,4348,8656
2023,4600,8604
2024,4342,8426
2025,4591,8485
2026,4155,7015
2027,4155,7023
2028,4268,7078
2029,4090,6836
2030,4282,6902
2031,4095,7105
2032,4080,7169
2033,4235,7173
2034,4094,6939
2035,4290,6991
2036,4080,7120
2037,4056,7203
2038,4191,7168
2039,4000,6984
2040,4215,6965
2041,4065,7120
2042,4047,7209
2043,4255,7216
2044,3984,6992
2045,4190,7018
2046,4065,7120
2047,4001,7202
2048,4231,7200
2049,4007,7015
2050,4231,6969
2051,4050,7255
2052,4046,7292
2053,4204,7299
2054,4010,7100
2055,4236,7135
2056,4170,6835
2057,4115,6839
2058,4364,6840
2059,4138,6644
2060,4307,6681
2061,4215,6685
2062,4207,6692
2063,4365,6744
2064,4201,6535
2065,4410,6563
2066,4275,6535
2067,4244,6580
2068,4386,6606
2069,4237,6339
2070,4437,6418
2071,4365,6385
2072,4300,6478
2073,4556,6472
2074,4329,6269
2075,4531,6225
2076,4440,6265
2077,4413,6266
2078,4571,6290
2079,4430,6141
2080,4598,6071
2081,4575,6085
2082,4567,6179
2083,4770,6162
2084,4534,5929
2085,4691,5896
2086,4680,5980
2087,4603,6051
2088,4852,5992
2089,4598,5804
2090,4821,5842
2091,4680,5875
2092,4607,5881
2093,4856,5949
2094,4617,5702
2095,4840,5715
2096,4680,5755
2097,4665,5805
2098,4828,5836
2099,4591,5597
2100,4805,5654
2101,4710,5725
2102,4616,5751
2103,4861,5751
2104,4672,5555
2105,4823,5597
2106,4740,5680
2107,4664,5715
2108,4915,5758
2109,4676,5509
2110,4866,5544
2111,4740,5560
2112,4736,5612
2113,4874,5639
2114,4642,5410
2115,4931,5415
2116,4770,5485
2117,4675,5509
2118,4938,5534
2119,4727,5366
2120,4931,5287
2121,4995,5335
2122,4956,5414
2123,5137,5416
2124,4916,5218
2125,5106,5170
2126,5115,5305
2127,5110,5319
2128,5259,5348
2129,5056,5199
2130,5259,5166
2131,5115,5215
2132,5082,5219
2133,5304,5293
2134,5101,5042
2135,5301,5075
2136,5220,5170
2137,5179,5170
2138,5337,5175
2139,5172,5037
2140,5411,5058
2141,5295,5125
2142,5275,5151
2143,5488,5142
2144,5256,5003
2145,5429,5001
2146,5370,5080
2147,5333,5160
2148,5474,5162
2149,5327,4976
2150,5488,4910
2151,5445,4990
2152,5411,5029
2153,5612,5035
2154,5357,4823
2155,5615,4820
2156,5505,5365
2157,5477,5417
2158,5626,5387
2159,5427,5242
2160,5646,5198
2161,5490,5485
2162,5480,5527
2163,5619,5493
2164,5396,5374
2165,5599,5355
2166,5535,5470
2167,5487,5481
2168,5717,5541
2169,5446,5277
2170,5710,5315
2171,5490,5380
2172,5407,5412
2173,5683,5434
2174,5397,5223
2175,5657,5221
2176,5460,5275
2177,5428,5330
2178,5563,5351
2179,5450,5159
2180,5596,5088
2181,5490,5170
2182,5404,5174
2183,5666,5200
2184,5471,5062
2185,5649,5061
2186,5475,5020
2187,5462,5100
2188,5575,5105
2189,5401,4824
2190,5614,4902
2191,3585,5785
2192,3531,5841
2193,3777,5868
2194,3580,5618
2195,3687,5652
2196,3645,5815
2197,3618,5898
2198,3834,5858
2199,3628,5679
2200,3745,5616
2201,3960,5860
2202,3938,5945
2203,4117,5918
2204,3873,5722
2205,4071,5675
2206,4005,6010
2207,3998,6072
2208,4191,6108
2209,3933,5872
2210,4140,5825
2211,4035,6025
2212,4012,6113
2213,4223,6029
2214,3936,5901
2215,4136,5907
2216,4095,6025
2217,4007,6038
2218,4200,6121
2219,4021,5918
2220,4254,5897
2221,4155,6025
2222,4062,6087
2223,4355,6092
2224,4079,5898
2225,4343,5841
2226,4110,6025
2227,4106,6058
2228,4272,6110
2229,4052,5879
2230,4298,5844
2231,4155,6085
2232,4090,6088
2233,4262,6179
2234,4104,5934
2235,4343,5948
2236,4200,6100
2237,4110,6119
2238,4374,6112
2239,4142,5944
2240,4338,5903
2241,4365,6130
2242,4291,6138
2243,4492,6162
2244,4307,5931
2245,4481,6000
2246,4785,6430
2247,4704,6498
2248,4940,6452
2249,4778,6288
2250,4908,6300
2251,4830,6580
2252,4776,6654
2253,5004,6607
2254,4796,6406
2255,5018,6464
2256,5025,6640
2257,5016,6716
2258,5147,6704
2259,4983,6533
2260,5186,6508
2261,4230,6745
2262,4191,6844
2263,4394,6772
2264,4219,6566
2265,4350,6597
2266,4170,6745
2267,4159,6786
2268,4360,6829
2269,4075,6592
2270,4336,6587
2271,4140,6700
2272,4075,6778
2273,4254,6778
2274,4116,6582
2275,4267,6520
2276,4185,6625
2277,4166,6685
2278,4360,6653
2279,4184,6440
2280,4339,6466
2281,4245,6565
2282,4180,6575
2283,4382,6593
2284,4238,6372
2285,4369,6401
2286,6360,8875
2287,6290,8903
2288,6551,8920
2289,6265,8771
2290,6500,8686
2291,6240,8905
2292,6166,8995
2293,6391,8928
2294,6145,8798
2295,6369,8752
2296,6360,8680
2297,6264,8724
2298,6516,8760
2299,6348,8565
2300,6501,8579
2301,6375,8590
2302,6349,8605
2303,6545,8600
2304,6352,8426
2305,6530,8488
2306,6480,8230
2307,6447,8233
2308,6664,8310
2309,6396,8111
2310,6652,8081
2311,6255,7930
2312,6199,8013
2313,6366,7965
2314,6231,7762
2315,6374,7768
2316,6525,8065
2317,6511,8069
2318,6716,8158
2319,6477,7943
2320,6673,7880
2321,6435,7930
2322,6337,8021
2323,6624,7977
2324,6401,7810
2325,6572,7743
2326,6420,8185
2327,6346,8227
2328,6613,8250
2329,6384,8061
2330,6606,8022
2331,6510,8650
2332,6425,8684
2333,6629,8741
2334,6425,8526
2335,6633,8520
2336,6585,8680
2337,6537,8695
2338,6691,8724
2339,6501,8549
2340,6685,8545
2341,6855,8695
2342,6801,8706
2343,6972,8710
2344,6842,8512
2345,7049,8550
2346,7140,8665
2347,7071,8685
2348,7284,8740
2349,7114,8521
2350,7247,8510
2351,6555,7795
2352,6518,7812
2353,6755,7861
2354,6502,7694
2355,6720,7611
2356,6525,7630
2357,6452,7683
2358,6649,7636
2359,6428,7463
2360,6647,7454
2361,6495,7570
2362,6425,7621
2363,6676,7659
2364,6457,7390
2365,6648,7370
2366,6495,7465
2367,6401,7476
2368,6656,7549
2369,6465,7362
2370,6655,7314
2371,6495,7360
2372,6409,7368
2373,6673,7393
2374,6493,7237
2375,6666,7213
2376,6525,7240
2377,6460,7331
2378,6696,7296
2379,6465,7085
2380,6663,7107
2381,6555,6985
2382,6534,7071
2383,6660,7029
2384,6474,6850
2385,6692,6808
2386,6570,6985
2387,6548,7076
2388,6740,7053
2389,6549,6859
2390,6740,6810
2391,6570,6940
2392,6562,7021
2393,6749,7009
2394,6561,6823
2395,6735,6795
2396,6690,6640
2397,6592,6646
2398,6863,6707
2399,6641,6520
2400,6863,6509
2401,6735,6625
2402,6653,6715
2403,6850,6680
2404,6715,6452
2405,6907,6523
2406,6690,6325
2407,6662,6359
2408,6885,6326
2409,6614,6186
2410,6853,6172
2411,6600,6280
2412,6522,6291
2413,6728,6328
2414,6552,6174
2415,6772,6177
2416,6615,5770
2417,6568,5842
2418,6768,5786
2419,6577,5583
2420,6769,5575
2421,6555,5755
2422,6526,5795
2423,6689,5851
2424,6528,5635
2425,6738,5556
2426,6540,5725
2427,6451,5741
2428,6702,5783
2429,6471,5558
2430,6702,5615
2431,6615,5545
2432,6545,5619
2433,6765,5591
2434,6522,5429
2435,6733,5399
2436,6555,5440
2437,6467,5503
2438,6692,5516
2439,6552,5259
2440,6658,5289
2441,6540,6490
2442,6505,6499
2443,6729,6533
2444,6461,6290
2445,6735,6296
2446,6630,6550
2447,6551,6561
2448,6825,6566
2449,6555,6416
2450,6824,6380
2451,6585,6565
2452,6526,6609
2453,6754,6601
2454,6565,6393
2455,6712,6367
2456,6510,6625
2457,6415,6681
2458,6661,6649
2459,6491,6497
2460,6658,6503
2461,6690,6610
2462,6613,6683
2463,6795,6681
2464,6639,6472
2465,6822,6499
2466,7005,6610
2467,6933,6705
2468,7125,6657
2469,6936,6444
2470,7187,6451
2471,7485,6775
2472,7463,6871
2473,7596,6870
2474,7480,6576
2475,7610,6589
2476,7485,6775
2477,7442,6800
2478,7603,6808
2479,7424,6624
2480,7597,6640
2481,7515,6625
2482,7487,6632
2483,7620,6680
2484,7498,6466
2485,7636,6450
2486,7545,6490
2487,7501,6533
2488,7706,6518
2489,7518,6303
2490,7698,6388
2491,7545,6340
2492,7514,6345
2493,7646,6437
2494,7524,6218
2495,7681,6207
2496,7545,6280
2497,7537,6325
2498,7709,6360
2499,7542,6103
2500,7666,6167
2501,7530,6085
2502,7465,6171
2503,7646,6154
2504,7478,5896
2505,7715,5973
2506,7530,6040
2507,7460,6069
2508,7674,6074
2509,7507,5917
2510,7661,5917
2511,7545,5800
2512,7481,5847
2513,7709,5818
2514,7501,5635
2515,7730,5635
2516,7500,5755
2517,7436,5846
2518,7615,5793
2519,7479,5626
2520,7699,5572
2521,7455,5740
2522,7393,5825
2523,7616,5829
2524,7423,5588
2525,7606,5594
2526,7530,5560
2527,7506,5589
2528,7723,5599
2529,7499,5362
2530,7671,5412
2531,7545,5395
2532,7452,5491
2533,7669,5426
2534,7496,5241
2535,7743,5288
2536,7515,5350
2537,7429,5388
2538,7709,5434
2539,7426,5216
2540,7687,5181
2541,7500,5275
2542,7407,5353
2543,7668,5365
2544,7469,5101
2545,7642,5173
2546,7500,5140
2547,7417,5157
2548,7634,5159
2549,7472,5002
2550,7608,5039
2551,7425,5200
2552,7329,5228
2553,7532,5213
2554,7414,5086
2555,7624,5016
2556,7350,5215
2557,7301,5276
2558,7478,5306
2559,7267,5100
2560,7515,5019
2561,7305,5215
2562,7270,5257
2563,7464,5262
2564,7280,5036
2565,7489,5109
2566,7155,5305
2567,7135,5374
2568,7346,5353
2569,7066,5137
2570,7313,5197
2571,6570,8770
2572,6524,8787
2573,6708,8808
2574,6565,8600
2575,6683,8649
2576,6975,8800
2577,6946,8836
2578,7115,8836
2579,6897,8601
2580,7077,8611
2581,7245,8845
2582,7183,8895
2583,7406,8879
2584,7157,8653
2585,7347,8663
2586,7275,8875
2587,7264,8934
2588,7465,8877
2589,7188,8763
2590,7389,8682
2591,7350,8620
2592,7332,8658
2593,7492,8702
2594,7344,8473
2595,7516,8477
2596,7350,8470
2597,7350,8506
2598,7506,8563
2599,7301,8361
2600,7459,8296
2601,7350,8395
2602,7301,8473
2603,7548,8423
2604,7255,8257
2605,7471,8239
2606,7350,8200
2607,7319,8263
2608,7505,8255
2609,7251,8005
2610,7453,8017
2611,7350,8170
2612,7262,8236
2613,7493,8189
2614,7261,8001
2615,7532,7996
2616,7485,7960
2617,7447,7997
2618,7587,7996
2619,7415,7788
2620,7596,7786
2621,7335,7780
2622,7264,7781
2623,7530,7782
2624,7313,7637
2625,7501,7629
2626,7440,7615
2627,7385,7671
2628,7552,7698
2629,7342,7472
2630,7589,7514
2631,7380,7465
2632,7349,7542
2633,7548,7488
2634,7351,7303
2635,7567,7324
2636,7380,7360
2637,7364,7375
2638,7481,7402
2639,7363,7248
2640,7512,7245
2641,7380,7330
2642,7377,7423
2643,7557,7361
2644,7337,7199
2645,7541,7135
2646,7380,7285
2647,7323,7297
2648,7565,7345
2649,7319,7104
2650,7557,7113
2651,7515,7165
2652,7494,7210
2653,7655,7237
2654,7515,7014
2655,7620,6998
2656,7515,7120
2657,7504,7163
2658,7695,7204
2659,7450,6966
2660,7713,6997
2661,7500,6940
2662,7480,6971
2663,7670,7032
2664,7466,6813
2665,7633,6830
2666,7485,6910
2667,7471,6916
2668,7585,6972
2669,7423,6777
2670,7597,6788
2671,6630,7480
2672,6596,7526
2673,6814,7518
2674,6551,7319
2675,6791,7302
2676,6615,7510
2677,6517,7608
2678,6777,7549
2679,6527,7387
2680,6748,7388
2681,6660,7525
2682,6563,7613
2683,6858,7583
2684,6591,7369
2685,6765,7402
2686,6870,7540
2687,6771,7555
2688,7051,7603
2689,6793,7415
2690,7049,7364
2691,6900,7585
2692,6856,7639
2693,7027,7683
2694,6860,7469
2695,7081,7386
2696,7005,7600
2697,6955,7654
2698,7178,7681
2699,6943,7457
2700,7168,7463
2701,7065,7705
2702,7056,7745
2703,7251,7710
2704,7041,7561
2705,7168,7547
2706,7230,7735
2707,7142,7747
2708,7384,7774
2709,7151,7554
2710,7333,7577
2711,7365,7735
2712,7338,7779
2713,7557,7761
2714,7308,7592
2715,7554,7580
2716,7440,7735
2717,7396,7820
2718,7579,7819
2719,7378,7594
2720,7553,7542
2721,6375,7795
2722,6343,7857
2723,6535,7803
2724,6302,7680
2725,6528,7654
2726,6375,7795
2727,6320,7867
2728,6518,7859
2729,6330,7668
2730,6484,7601
2731,6435,7735
2732,6378,7826
2733,6540,7832
2734,6428,7570
2735,6545,7565
2736,7335,8095
2737,7280,8163
2738,7518,8120
2739,7273,7954
2740,7442,7980
2741,7335,8230
2742,7296,8258
2743,7478,8271
2744,7243,8035
2745,7513,8034
2746,7365,7795
2747,7288,7866
2748,7539,7809
2749,7316,7607
2750,7488,7687
2751,7395,7660
2752,7385,7731
2753,7586,7747
2754,7332,7552
2755,7565,7489
2756,7410,7615
2757,7354,7692
2758,7542,7693
2759,7371,7446
2760,7581,7487
2761,7440,7570
2762,7434,7585
2763,7602,7651
2764,7385,7463
2765,7544,7422
2766,7260,5230
2767,7233,5314
2768,7431,5293
2769,7194,5042
2770,7429,5104
2771,7245,5275
2772,7184,5333
2773,7419,5345
2774,7244,5078
2775,7438,5094
2776,8730,9280
2777,8706,9367
2778,8839,9298
2779,8665,9132
2780,8860,9123
2781,8775,9220
2782,8766,9316
2783,8916,9221
2784,8738,9042
2785,8930,9097
2786,8790,9130
2787,8709,9215
2788,8950,9217
2789,8719,8978
2790,8961,8957
2791,8790,9070
2792,8706,9097
2793,8970,9091
2794,8693,8914
2795,8895,8943
2796,8790,8965
2797,8757,9038
2798,8931,8984
2799,8772,8861
2800,8898,8837
2801,8790,8740
2802,8769,8788
2803,8896,8816
2804,8776,8607
2805,8948,8595
2806,8790,8425
2807,8776,8475
2808,8956,8486
2809,8750,8319
2810,8946,8251
2811,9015,8395
2812,8960,8449
2813,9149,8410
2814,8991,8283
2815,9145,8263
2816,9165,8395
2817,9106,8405
2818,9316,8453
2819,9094,8233
2820,9296,8231
2821,9345,8395
2822,9326,8439
2823,9526,8478
2824,9285,8200
2825,9482,8255
2826,9345,8395
2827,9344,8448
2828,9457,8453
2829,9299,8220
2830,9493,8242
2831,9450,8395
2832,9402,8408
2833,9611,8423
2834,9392,8207
2835,9643,8273
2836,9450,8395
2837,9374,8469
2838,9615,8404
2839,9350,8248
2840,9574,8203
2841,8070,8365
2842,7994,8424
2843,8261,8460
2844,8019,8174
2845,8186,8234
2846,8070,8365
2847,8053,8435
2848,8196,8421
2849,8004,8182
2850,8242,8230
2851,8085,6970
2852,8046,7049
2853,8270,7003
2854,8011,6860
2855,8205,6848
2856,8460,6940
2857,8401,6978
2858,8569,6986
2859,8381,6755
2860,8571,6804
2861,8505,6985
2862,8436,7055
2863,8666,7073
2864,8444,6839
2865,8626,6839
2866,8910,7060
2867,8874,7135
2868,9041,7088
2869,8836,6904
2870,9064,6914
2871,9045,7045
2872,9043,7073
2873,9178,7052
2874,8998,6943
2875,9180,6889
2876,9225,7015
2877,9142,7093
2878,9331,7061
2879,9141,6816
2880,9342,6895
2881,9315,6970
2882,9243,7021
2883,9431,7007
2884,9249,6787
2885,9492,6863
2886,9345,6970
2887,9311,7014
2888,9497,7019
2889,9300,6852
2890,9462,6859
2891,9375,6970
2892,9362,7004
2893,9503,6995
2894,9323,6779
2895,9539,6819
2896,9405,6970
2897,9381,7040
2898,9588,7053
2899,9315,6855
2900,9574,6799
2901,7980,5230
2902,7920,5306
2903,8162,5247
2904,7940,5101
2905,8089,5089
2906,8055,5230
2907,7969,5282
2908,8170,5325
2909,8001,5035
2910,8243,5076
2911,8325,5320
2912,8279,5392
2913,8520,5380
2914,8261,5220
2915,8456,5189
2916,8385,5320
2917,8329,5407
2918,8548,5352
2919,8313,5161
2920,8575,5207
2921,8880,5320
2922,8873,5341
2923,9063,5322
2924,8822,5212
2925,9022,5148
2926,9270,5365
2927,9203,5438
2928,9414,5405
2929,9193,5254
2930,9460,5263
2931,9765,5215
2932,9688,5233
2933,9926,5304
2934,9708,5059
2935,9926,5095
2936,8835,5560
2937,8781,5566
2938,9008,5628
2939,8831,5406
2940,8940,5388
2941,8820,5740
2942,8730,5801
2943,8964,5808
2944,8724,5594
2945,8921,5614
2946,8820,5935
2947,8768,6018
2948,8985,5995
2949,8732,5743
2950,8970,5758
2951,8820,6055
2952,8739,6101
2953,8969,6142
2954,8812,5873
2955,8999,5911
2956,8820,6235
2957,8726,6236
2958,8956,6300
2959,8758,6108
2960,8961,6064
2961,8835,6370
2962,8752,6441
2963,9026,6460
2964,8807,6204
2965,8946,6243
2966,8820,6520
2967,8805,6576
2968,8922,6550
2969,8759,6357
2970,9012,6414
2971,8700,6910
2972,8668,6941
2973,8885,6937
2974,8609,6807
2975,8811,6782
2976,8700,7240
2977,8650,7286
2978,8879,7240
2979,8679,7138
2980,8821,7104
2981,8700,7435
2982,8639,7460
2983,8847,7478
2984,8670,7240
2985,8896,7335
2986,8655,7840
2987,8622,7908
2988,8836,7864
2989,8581,7692
2990,8796,7726
2991,8655,7855
2992,8649,7904
2993,8849,7941
2994,8575,7709
2995,8837,7658
2996,8655,7915
2997,8558,7933
2998,8780,7962
2999,8600,7812
3000,8825,7722
3001,8670,8125
3002,8571,8225
3003,8809,8126
3004,8594,7967
3005,8853,7954
3006,1575,3520
3007,1496,3614
3008,1701,3537
3009,1476,3348
3010,1697,3394
3011,1350,3145
3012,1273,3219
3013,1450,3183
3014,1298,3011
3015,1466,2969
3016,1230,2665
3017,1219,2756
3018,1331,2746
3019,1190,2508
3020,1344,2499
3021,1140,2365
3022,1067,2434
3023,1332,2406
3024,1098,2187
3025,1335,2201
3026,1005,2050
3027,976,2058
3028,1168,2135
3029,993,1889
3030,1166,1884
3031,825,1690
3032,804,1771
3033,955,1748
3034,745,1497
3035,963,1500
3036,795,1405
3037,729,1445
3038,925,1482
3039,745,1217
3040,973,1226
3041,540,1105
3042,484,1113
3043,669,1141
3044,538,923
3045,698,1000
3046,450,970
3047,393,1055
3048,567,973
3049,361,830
3050,631,810
3051,345,835
3052,333,881
3053,452,856
3054,304,687
3055,518,672
3056,300,775
3057,263,815
3058,439,785
3059,238,654
3060,486,616
3061,705,1120
3062,681,1212
3063,882,1181
3064,674,925
3065,903,1002
3066,960,1750
3067,920,1751
3068,1071,1795
3069,956,1617
3070,1069,1618
3071,1305,3025
3072,1279,3068
3073,1461,3028
3074,1297,2901
3075,1452,2904
3076,1320,3220
3077,1220,3286
3078,1471,3275
3079,1271,3039
3080,1484,3090
3081,1650,3625
3082,1598,3721
3083,1810,3718
3084,1645,3485
3085,1788,3497
3086,1935,3940
3087,1884,3971
3088,2108,4026
3089,1903,3774
3090,2104,3832
3091,1695,3835
3092,1658,3882
3093,1799,3913
3094,1638,3689
3095,1879,3645
3096,1650,3910
3097,1622,4003
3098,1843,3996
3099,1564,3717
3100,1787,3793
3101,1515,3865
3102,1499,3959
3103,1618,3870
3104,1416,3721
3105,1618,3705
3106,1515,3865
3107,1449,3915
3108,1641,3867
3109,1467,3702
3110,1700,3753
3111,2145,3325
3112,2124,3359
3113,2319,3346
3114,2082,3187
3115,2255,3132
3116,2025,3340
3117,1926,3437
3118,2213,3420
3119,1975,3158
3120,2154,3194
3121,2055,2800
3122,1966,2863
3123,2187,2873
3124,1969,2669
3125,2175,2660
3126,2235,2590
3127,2175,2621
3128,2430,2658
3129,2208,2440
3130,2419,2420
3131,2280,2245
3132,2227,2323
3133,2472,2253
3134,2278,2119
3135,2429,2089
3136,2295,1810
3137,2210,1861
3138,2458,1821
3139,2281,1637
3140,2461,1670
3141,2250,1705
3142,2202,1781
3143,2421,1777
3144,2206,1578
3145,2363,1513
3146,2460,1270
3147,2452,1322
3148,2566,1328
3149,2415,1118
3150,2650,1163
3151,2565,1135
3152,2558,1189
3153,2748,1147
3154,2518,1000
3155,2692,1031
3156,2670,925
3157,2607,956
3158,2811,979
3159,2616,734
3160,2843,800
3161,3960,3940
3162,3894,3949
3163,4105,4016
3164,3915,3785
3165,4066,3798
3166,3795,3775
3167,3711,3861
3168,3978,3822
3169,3720,3582
3170,3924,3627
3171,3705,3475
3172,3646,3512
3173,3876,3485
3174,3631,3285
3175,3872,3314
3176,3645,3325
3177,3638,3338
3178,3794,3409
3179,3601,3164
3180,3819,3198
3181,3480,3040
3182,3460,3077
3183,3659,3102
3184,3414,2898
3185,3606,2926
3186,3255,2755
3187,3190,2764
3188,3407,2766
3189,3161,2557
3190,3379,2638
3191,3120,2395
3192,3037,2398
3193,3303,2472
3194,3062,2279
3195,3316,2241
3196,3105,2380
3197,3013,2450
3198,3215,2456
3199,3045,2272
3200,3300,2210
3201,3090,2335
3202,3007,2369
3203,3288,2338
3204,3008,2222
3205,3286,2202
3206,3105,2245
3207,3081,2340
3208,3243,2270
3209,3029,2052
3210,3207,2106
3211,3045,1825
3212,2990,1852
3213,3187,1911
3214,2972,1688
3215,3184,1719
3216,3075,1840
3217,2981,1919
3218,3226,1845
3219,2998,1683
3220,3235,1662
3221,2910,1225
3222,2878,1302
3223,3038,1299
3224,2843,1033
3225,3052,1100
3226,2805,1060
3227,2768,1080
3228,2969,1123
3229,2708,957
3230,2991,920
3231,2880,1255
3232,2831,1337
3233,3054,1269
3234,2784,1076
3235,3000,1111
3236,3030,1420
3237,2943,1434
3238,3225,1466
3239,2960,1287
3240,3225,1242
3241,3060,1750
3242,3019,1789
3243,3253,1802
3244,2964,1647
3245,3249,1636
3246,3030,2305
3247,2951,2363
3248,3188,2306
3249,3000,2153
3250,3133,2160
3251,3060,2530
3252,3019,2575
3253,3163,2565
3254,3059,2363
3255,3224,2339
3256,3165,2965
3257,3119,3015
3258,3334,3039
3259,3152,2803
3260,3290,2771
3261,3660,3685
3262,3575,3781
3263,3779,3695
3264,3615,3511
3265,3822,3559
3266,3705,3745
3267,3681,3830
3268,3848,3758
3269,3653,3579
3270,3882,3566
3271,3735,3775
3272,3729,3865
3273,3890,3800
3274,3672,3649
3275,3932,3602
3276,3780,3820
3277,3733,3881
3278,3976,3884
3279,3698,3653
3280,3954,3668
3281,3780,3880
3282,3741,3903
3283,3909,3904
3284,3692,3753
3285,3966,3695
3286,3765,3955
3287,3717,4031
3288,3909,4029
3289,3728,3786
3290,3898,3789
3291,3630,3505
3292,3612,3598
3293,3786,3562
3294,3574,3324
3295,3773,3390
3296,3450,3295
3297,3386,3319
3298,3553,3386
3299,3399,3120
3300,3618,3120
3301,3405,3025
3302,3327,3120
3303,3555,3094
3304,3404,2836
3305,3590,2909
3306,3285,2605
3307,3258,2610
3308,3472,2666
3309,3225,2418
3310,3481,2473
3311,3270,2380
3312,3218,2407
3313,3398,2388
3314,3213,2224
3315,3397,2239
3316,3270,2350
3317,3198,2363
3318,3383,2380
3319,3174,2241
3320,3402,2161
3321,3015,1570
3322,2938,1657
3323,3121,1590
3324,2957,1386
3325,3201,1426
3326,2970,1495
3327,2936,1542
3328,3166,1541
3329,2874,1351
3330,3161,1394
3331,2940,1255
3332,2855,1325
3333,3139,1307
3334,2901,1078
3335,3115,1077
3336,2805,910
3337,2759,913
3338,2958,966
3339,2713,714
3340,2995,790
3341,2760,790
3342,2749,863
3343,2882,841
3344,2726,652
3345,2872,595
3346,3090,2095
3347,3046,2174
3348,3287,2101
3349,3070,1929
3350,3234,1896
3351,3165,2350
3352,3076,2444
3353,3357,2415
3354,3087,2181
3355,3277,2201
3356,3255,2785
3357,3193,2855
3358,3401,2829
3359,3241,2626
3360,3423,2594
3361,3255,3025
3362,3200,3054
3363,3379,3063
3364,3250,2850
3365,3444,2832
3366,3285,3175
3367,3251,3248
3368,3400,3191
3369,3277,2997
3370,3463,3025
3371,3390,3340
3372,3348,3416
3373,3523,3360
3374,3340,3183
3375,3551,3159
3376,1695,3985
3377,1601,4072
3378,1814,4054
3379,1659,3860
3380,1885,3856
3381,1725,3865
3382,1641,3895
3383,1861,3921
3384,1679,3745
3385,1867,3701
3386,1815,3580
3387,1737,3587
3388,1989,3630
3389,1782,3476
3390,1935,3400
3391,1860,3400
3392,1843,3490
3393,2007,3494
3394,1832,3234
3395,2009,3203
3396,1920,3115
3397,1902,3145
3398,2115,3121
3399,1886,2997
3400,2102,2957
3401,1980,2995
3402,1907,3046
3403,2163,3075
3404,1949,2797
3405,2176,2863
3406,1995,2725
3407,1945,2779
3408,2194,2809
3409,1923,2556
3410,2189,2611
3411,2100,2500
3412,2011,2511
3413,2259,2561
3414,2012,2380
3415,2200,2377
3416,2130,2290
3417,2122,2364
3418,2231,2320
3419,2047,2128
3420,2299,2187
3421,2235,1915
3422,2137,1982
3423,2425,1999
3424,2200,1780
3425,2411,1793
3426,2265,1810
3427,2239,1899
3428,2381,1902
3429,2166,1610
3430,2389,1634
3431,2370,1720
3432,2336,1735
3433,2563,1817
3434,2365,1575
3435,2510,1536
3436,2370,1480
3437,2331,1575
3438,2530,1496
3439,2313,1296
3440,2545,1291
3441,2475,1420
3442,2443,1473
3443,2658,1465
3444,2441,1265
3445,2582,1260
3446,2475,1165
3447,2394,1253
3448,2625,1215
3449,2385,1046
3450,2612,973
3451,2625,1000
3452,2599,1076
3453,2800,1075
3454,2571,834
3455,2818,895
3456,2790,940
3457,2704,1006
3458,2989,979
3459,2758,832
3460,2916,799
3461,2775,715
3462,2724,798
3463,2961,751
3464,2773,532
3465,2889,545
3466,2775,715
3467,2686,741
3468,2899,747
3469,2757,561
3470,2933,528
3471,1215,3745
3472,1174,3815
3473,1345,3817
3474,1205,3637
3475,1400,3635
3476,1380,3655
3477,1355,3719
3478,1522,3730
3479,1297,3496
3480,1527,3471
3481,1275,3235
3482,1244,3268
3483,1399,3267
3484,1261,3091
3485,1396,3057
3486,1170,2815
3487,1143,2892
3488,1336,2829
3489,1110,2688
3490,1280,2630
3491,1065,2710
3492,1011,2781
3493,1248,2773
3494,1017,2514
3495,1205,2584
3496,1065,2710
3497,1035,2773
3498,1178,2807
3499,981,2548
3500,1227,2567
3501,885,2230
3502,840,2308
3503,1007,2240
3504,839,2066
3505,1040,2122
3506,945,2335
3507,877,2352
3508,1144,2405
3509,855,2169
3510,1064,2223
3511,960,2365
3512,921,2419
3513,1118,2386
3514,917,2211
3515,1143,2189
3516,750,1645
3517,674,1682
3518,889,1726
3519,739,1503
3520,947,1501
3521,780,1675
3522,710,1768
3523,886,1718
3524,707,1508
3525,919,1490
3526,630,1330
3527,542,1351
3528,778,1406
3529,547,1136
3530,741,1138
3531,540,1180
3532,468,1274
3533,721,1203
3534,470,1072
3535,679,994
3536,510,1075
3537,471,1138
3538,653,1077
3539,471,951
3540,687,964
3541,360,910
3542,280,963
3543,560,917
3544,291,731
3545,559,776
3546,330,865
3547,268,927
3548,469,871
3549,316,729
3550,440,714
3551,300,805
3552,273,872
3553,477,848
3554,296,622
3555,434,624
3556,825,1780
3557,732,1795
3558,977,1815
3559,783,1647
3560,951,1612
3561,1275,2125
3562,1226,2157
3563,1404,2202
3564,1266,2001
3565,1435,1944
3566,1230,2680
3567,1165,2698
3568,1427,2716
3569,1172,2562
3570,1370,2566
3571,1320,3205
3572,1240,3252
3573,1491,3261
3574,1301,3101
3575,1513,3019
3576,1395,3385
3577,1382,3453
3578,1584,3440
3579,1299,3191
3580,1564,3243
3581,1560,3625
3582,1506,3632
3583,1678,3652
3584,1491,3498
3585,1707,3475
3586,1605,3655
3587,1534,3717
3588,1751,3695
3589,1514,3490
3590,1733,3550
3591,1935,3820
3592,1929,3829
3593,2122,3858
3594,1843,3624
3595,2075,3694
3596,1935,3790
3597,1861,3887
3598,2116,3828
3599,1859,3658
3600,2068,3633
3601,1935,3700
3602,1866,3751
3603,2128,3734
3604,1912,3587
3605,2120,3533
3606,1920,3160
3607,1863,3230
3608,2031,3254
3609,1833,3059
3610,2118,3010
3611,1935,2830
3612,1856,2859
3613,2086,2892
3614,1839,2647
3615,2135,2704
3616,1965,2410
3617,1913,2487
3618,2117,2467
3619,1908,2237
3620,2106,2272
3621,2250,1900
3622,2181,1940
3623,2428,1971
3624,2203,1792
3625,2449,1744
3626,2220,1765
3627,2124,1781
3628,2338,1837
3629,2199,1614
3630,2396,1591
3631,2220,1420
3632,2146,1501
3633,2408,1425
3634,2212,1229
3635,2418,1310
3636,2340,1285
3637,2319,1368
3638,2466,1373
3639,2327,1145
3640,2458,1175
3641,2385,1180
3642,2356,1229
3643,2583,1193
3644,2370,1044
3645,2498,1038
3646,2370,1015
3647,2306,1091
3648,2562,1065
3649,2302,873
3650,2555,914
3651,2370,1015
3652,2303,1055
3653,2493,1057
3654,2369,870
3655,2530,910
3656,2430,850
3657,2373,941
3658,2560,856
3659,2410,691
3660,2621,651
3661,2595,820
3662,2571,872
3663,2773,857
3664,2593,698
3665,2749,669
3666,2655,805
3667,2620,829
3668,2812,808
3669,2652,609
3670,2806,648
3671,2685,805
3672,2652,887
3673,2865,851
3674,2633,635
3675,2795,671
3676,3015,1630
3677,2981,1704
3678,3202,1716
3679,2963,1474
3680,3198,1502
3681,3135,2350
3682,3106,2376
3683,3279,2366
3684,3051,2158
3685,3280,2243
3686,3300,2725
3687,3214,2761
3688,3438,2729
3689,3298,2584
3690,3500,2559
3691,3405,3010
3692,3359,3091
3693,3590,3104
3694,3371,2819
3695,3579,2887
3696,3600,3295
3697,3573,3303
3698,3724,3299
3699,3515,3141
3700,3719,3172
3701,3690,3805
3702,3671,3849
3703,3810,3831
3704,3655,3635
3705,3802,3669
3706,3690,4180
3707,3600,4267
3708,3851,4211
3709,3652,3980
3710,3846,4026
3711,3735,4180
3712,3653,4192
3713,3898,4240
3714,3712,4048
3715,3911,3983
3716,3870,4150
3717,3859,4219
3718,4035,4183
3719,3776,3970
3720,3995,4040
3721,3870,4150
3722,3801,4232
3723,4001,4192
3724,3839,3969
3725,4050,3989
3726,3675,3640
3727,3651,3691
3728,3826,3697
3729,3587,3442
3730,3819,3495
3731,3525,3535
3732,3510,3586
3733,3664,3555
3734,3431,3416
3735,3666,3354
3736,3525,3310
3737,3463,3341
3738,3659,3359
3739,3471,3153
3740,3651,3197
3741,3480,3655
3742,3425,3670
3743,3582,3694
3744,3434,3505
3745,3654,3545
3746,3495,3820
3747,3435,3824
3748,3627,3877
3749,3469,3659
3750,3683,3654
3751,3510,3865
3752,3489,3937
3753,3647,3912
3754,3488,3688
3755,3705,3665
3756,3495,2920
3757,3441,2988
3758,3653,2947
3759,3456,2808
3760,3641,2763
3761,3405,2740
3762,3355,2758
3763,3564,2831
3764,3349,2637
3765,3524,2635
3766,3345,2605
3767,3269,2625
3768,3474,2612
3769,3318,2492
3770,3461,2466
3771,3300,2230
3772,3225,2280
3773,3483,2248
3774,3218,2099
3775,3462,2052
3776,3255,1945
3777,3193,2002
3778,3416,1988
3779,3230,1776
3780,3366,1778
3781,3195,1870
3782,3165,1935
3783,3321,1944
3784,3160,1706
3785,3335,1697
3786,2895,1135
3787,2849,1210
3788,3063,1216
3789,2828,955
3790,3045,943
3791,2835,760
3792,2784,821
3793,2937,767
3794,2786,654
3795,3003,618
3796,2745,760
3797,2683,832
3798,2912,830
3799,2658,608
3800,2891,592
3801,2205,2170
3802,2134,2203
3803,2333,2233
3804,2146,2012
3805,2367,2032
3806,2205,2305
3807,2161,2349
3808,2379,2360
3809,2186,2118
3810,2321,2157
3811,2190,2620
3812,2166,2699
3813,2309,2710
3814,2092,2494
3815,2327,2505
3816,2145,2815
3817,2117,2903
3818,2248,2899
3819,2046,2627
3820,2320,2630
3821,2145,3100
3822,2099,3195
3823,2335,3133
3824,2143,2989
3825,2254,2974
3826,2085,3505
3827,2038,3506
3828,2256,3509
3829,2025,3347
3830,2225,3373
3831,1995,3670
3832,1924,3749
3833,2153,3710
3834,1991,3553
3835,2189,3547
3836,1965,3745
3837,1930,3824
3838,2157,3806
3839,1928,3644
3840,2089,3602
3841,1890,3925
3842,1858,3952
3843,2028,3983
3844,1851,3778
3845,1997,3764
3846,1545,3955
3847,1517,3976
3848,1729,3957
3849,1481,3836
3850,1690,3784
3851,1395,3955
3852,1331,3991
3853,1540,3989
3854,1353,3851
3855,1560,3764
3856,1305,3955
3857,1246,3977
3858,1466,4029
3859,1229,3839
3860,1423,3787
3861,1485,3580
3862,1483,3584
3863,1681,3595
3864,1439,3389
3865,1667,3412
3866,1335,3565
3867,1273,3645
3868,1474,3589
3869,1329,3371
3870,1493,3378
3871,1305,3760
3872,1225,3786
3873,1410,3806
3874,1219,3648
3875,1479,3616
3876,1170,3460
3877,1097,3552
3878,1304,3559
3879,1080,3302
3880,1351,3277
3881,1530,3340
3882,1497,3341
3883,1719,3417
3884,1433,3171
3885,1687,3167
3886,1530,3130
3887,1504,3183
3888,1691,3176
3889,1468,3021
3890,1633,3022
3891,1440,2995
3892,1346,3019
3893,1603,3047
3894,1427,2829
3895,1586,2888
3896,1080,2380
3897,1025,2442
3898,1215,2392
3899,1025,2228
3900,1219,2265
3901,570,1855
3902,471,1947
3903,712,1874
3904,502,1750
3905,728,1755
3906,435,1705
3907,342,1719
3908,609,1748
3909,430,1517
3910,540,1548
3911,375,1495
3912,294,1498
3913,518,1521
3914,279,1305
3915,482,1390
3916,315,1285
3917,238,1293
3918,506,1371
3919,269,1162
3920,431,1097
3921,270,1120
3922,196,1173
3923,451,1138
3924,237,996
3925,380,945
3926,300,985
3927,260,1024
3928,403,1074
3929,288,828
3930,489,825
3931,285,865
3932,270,905
3933,456,908
3934,273,755
3935,466,703
3936,1050,2245
3937,1034,2250
3938,1176,2343
3939,1013,2049
3940,1188,2119
3941,1080,2410
3942,1045,2470
3943,1210,2457
3944,1013,2258
3945,1217,2289
3946,1140,2530
3947,1100,2533
3948,1314,2589
3949,1083,2389
3950,1320,2389
3951,1170,2575
3952,1099,2584
3953,1342,2653
3954,1136,2424
3955,1364,2470
3956,1260,2890
3957,1214,2919
3958,1424,2911
3959,1256,2694
3960,1390,2734
3961,1440,3415
3962,1384,3501
3963,1554,3497
3964,1394,3303
3965,1606,3250
3966,1485,3565
3967,1416,3645
3968,1597,3594
3969,1470,3401
3970,1589,3439
3971,2370,805
3972,2345,891
3973,2541,811
3974,2331,667
3975,2540,648
3976,2400,820
3977,2358,873
3978,2532,851
3979,2378,672
3980,2516,717
3981,2865,1345
3982,2853,1351
3983,3024,1443
3984,2820,1214
3985,2986,1213
3986,5385,3805
3987,5384,3850
3988,5526,3879
3989,5324,3654
3990,5569,3666
3991,5460,4000
3992,5408,4045
3993,5653,4003
3994,5360,3804
3995,5594,3856
3996,4905,3940
3997,4825,3994
3998,5059,3944
3999,4839,3763
4000,5027,3750
4001,4680,3790
4002,4602,3887
4003,4868,3859
4004,4642,3656
4005,4806,3644
4006,4545,3475
4007,4532,3550
4008,4731,3543
4009,4475,3346
4010,4692,3368
4011,4335,3160
4012,4309,3221
4013,4497,3203
4014,4242,3011
4015,4447,2969
4016,4170,2755
4017,4136,2760
4018,4324,2768
4019,4160,2647
4020,4343,2612
4021,4080,2380
4022,4051,2413
4023,4208,2452
4024,4080,2235
4025,4187,2248
4026,4035,2035
4027,3957,2077
4028,4208,2121
4029,4017,1915
4030,4152,1883
4031,4185,1720
4032,4162,1729
4033,4289,1721
4034,4092,1597
4035,4313,1597
4036,4290,1105
4037,4211,1188
4038,4449,1140
4039,4260,938
4040,4483,917
4041,4455,1030
4042,4415,1118
4043,4559,1110
4044,4448,841
4045,4644,914
4046,4830,1030
4047,4758,1054
4048,4957,1035
4049,4751,879
4050,4948,928
4051,5160,880
4052,5143,945
4053,5303,933
4054,5085,737
4055,5267,716
4056,5565,910
4057,5474,972
4058,5758,953
4059,5565,733
4060,5673,762
4061,5760,970
4062,5673,1008
4063,5899,1038
4064,5727,779
4065,5957,848
4066,5895,1225
4067,5825,1319
4068,6067,1322
4069,5867,1078
4070,6073,1045
4071,5940,1255
4072,5856,1258
4073,6046,1328
4074,5926,1121
4075,6115,1114
4076,5985,1270
4077,5941,1286
4078,6165,1284
4079,5889,1105
4080,6128,1120
4081,5535,1060
4082,5492,1118
4083,5695,1073
4084,5482,884
4085,5691,885
4086,5280,970
4087,5233,997
4088,5413,1009
4089,5240,838
4090,5399,859
4091,5010,955
4092,4912,1054
4093,5126,991
4094,4925,834
4095,5166,778
4096,5145,955
4097,5132,977
4098,5292,976
4099,5052,801
4100,5267,837
4101,5670,940
4102,5586,963
4103,5861,1028
4104,5626,770
4105,5861,839
4106,5850,1075
4107,5773,1174
4108,5987,1081
4109,5760,943
4110,6017,954
4111,5865,1135
4112,5830,1162
4113,6064,1152
4114,5802,1007
4115,6041,936
4116,5850,1165
4117,5776,1219
4118,5968,1206
4119,5784,994
4120,6020,989
4121,5895,1195
4122,5810,1202
4123,6052,1264
4124,5817,998
4125,6022,1071
4126,5415,940
4127,5378,1025
4128,5521,1012
4129,5361,768
4130,5562,805
4131,5295,925
4132,5225,987
4133,5475,1017
4134,5272,744
4135,5454,795
4136,5220,925
4137,5219,1012
4138,5337,972
4139,5131,786
4140,5334,774
4141,4860,955
4142,4838,1042
4143,5043,986
4144,4828,772
4145,5048,786
4146,4710,1030
4147,4610,1089
4148,4877,1043
4149,4704,854
4150,4895,852
4151,4665,1060
4152,4588,1139
4153,4848,1095
4154,4625,955
4155,4795,864
4156,4425,1045
4157,4356,1141
4158,4596,1061
4159,4387,860
4160,4602,877
4161,4365,1075
4162,4297,1111
4163,4560,1124
4164,4285,923
4165,4466,913
4166,4260,1240
4167,4218,1337
4168,4405,1243
4169,4240,1071
4170,4365,1066
4171,4170,1360
4172,4139,1414
4173,4305,1381
4174,4082,1235
4175,4285,1238
4176,4155,1540
4177,4102,1597
4178,4259,1561
4179,4067,1408
4180,4339,1390
4181,4140,1525
4182,4040,1555
4183,4257,1622
4184,4042,1396
4185,4329,1398
4186,4410,1015
4187,4372,1088
4188,4574,1032
4189,4336,838
4190,4541,867
4191,4500,970
4192,4491,1031
4193,4658,995
4194,4456,804
4195,4638,838
4196,4665,940
4197,4636,983
4198,4806,979
4199,4652,833
4200,4827,817
4201,4725,895
4202,4634,939
4203,4899,946
4204,4665,756
4205,4903,705
4206,4065,1480
4207,4003,1543
4208,4214,1512
4209,4025,1355
4210,4255,1353
4211,4155,1795
4212,4072,1870
4213,4335,1818
4214,4074,1643
4215,4280,1642
4216,4140,2050
4217,4069,2080
4218,4246,2093
4219,4051,1916
4220,4273,1937
4221,4125,2185
4222,4107,2238
4223,4317,2271
4224,4083,2077
4225,4318,2010
4226,4125,2290
4227,4034,2332
4228,4252,2310
4229,4031,2153
4230,4231,2156
4231,4155,2455
4232,4124,2527
4233,4280,2544
4234,4079,2345
4235,4355,2347
4236,4155,2515
4237,4100,2609
4238,4281,2525
4239,4064,2377
4240,4280,2372
4241,4185,2605
4242,4130,2636
4243,4380,2682
4244,4167,2445
4245,4344,2498
4246,4215,2680
4247,4117,2764
4248,4335,2738
4249,4203,2541
4250,4320,2486
4251,4230,2995
4252,4205,3021
4253,4347,3093
4254,4228,2832
4255,4418,2871
4256,4245,3040
4257,4191,3048
4258,4370,3053
4259,4152,2896
4260,4406,2900
4261,4245,3040
4262,4168,3094
4263,4353,3138
4264,4182,2920
4265,4346,2928
4266,4500,3340
4267,4441,3404
4268,4655,3361
4269,4432,3185
4270,4610,3207
4271,4530,3355
4272,4487,3368
4273,4712,3380
4274,4494,3219
4275,4645,3231
4276,4620,3460
4277,4575,3509
4278,4747,3489
4279,4549,3283
4280,4787,3332
4281,4755,3625
4282,4697,3723
4283,4911,3650
4284,4702,3511
4285,4899,3511
4286,4785,3760
4287,4736,3819
4288,4942,3843
4289,4748,3649
4290,4932,3584
4291,4920,3850
4292,4862,3856
4293,5065,3896
4294,4869,3694
4295,5025,3716
4296,5355,4015
4297,5352,4105
4298,5514,4046
4299,5255,3853
4300,5522,3884
4301,5505,4015
4302,5430,4051
4303,5669,4048
4304,5442,3849
4305,5617,3877
4306,5880,4090
4307,5838,4131
4308,6030,4110
4309,5786,3959
4310,6022,3943
4311,6075,4075
4312,6030,4157
4313,6205,4110
4314,6052,3929
4315,6258,3896
4316,6135,4075
4317,6134,4083
4318,6280,4171
4319,6081,3951
4320,6322,3898
4321,6195,4075
4322,6193,4118
4323,6353,4172
4324,6129,3974
4325,6327,3965
4326,6015,4015
4327,6000,4103
4328,6174,4021
4329,6001,3874
4330,6134,3843
4331,5790,3955
4332,5710,3971
4333,5954,4022
4334,5763,3822
4335,5965,3771
4336,5640,3925
4337,5624,4002
4338,5750,4023
4339,5631,3737
4340,5792,3737
4341,5310,3835
4342,5296,3931
4343,5472,3927
4344,5270,3691
4345,5437,3681
4346,5235,3790
4347,5194,3863
4348,5346,3807
4349,5162,3624
4350,5338,3614
4351,5160,3745
4352,5122,3826
4353,5330,3763
4354,5122,3605
4355,5265,3572
4356,4905,3655
4357,4882,3727
4358,5083,3666
4359,4865,3476
4360,5091,3465
4361,4905,3655
4362,4819,3724
4363,5006,3747
4364,4848,3534
4365,5028,3460
4366,4605,3250
4367,4509,3321
4368,4733,3277
4369,4560,3120
4370,4723,3067
4371,4470,3055
4372,4377,3109
4373,4643,3116
4374,4439,2863
4375,4668,2882
4376,4410,3010
4377,4315,3078
4378,4586,3022
4379,4389,2888
4380,4525,2902
4381,4380,2965
4382,4286,3001
4383,4481,3038
4384,4286,2809
4385,4525,2806
4386,4320,2425
4387,4265,2483
4388,4457,2437
4389,4315,2267
4390,4512,2306
4391,4095,2185
4392,4074,2195
4393,4295,2258
4394,4014,2069
4395,4275,2078
4396,4035,2080
4397,4026,2120
4398,4163,2155
4399,4007,1938
4400,4199,1912
4401,4065,1900
4402,4054,1973
4403,4251,1910
4404,4039,1725
4405,4183,1730
4406,4155,1600
4407,4062,1609
4408,4318,1646
4409,4127,1423
4410,4302,1492
4411,5940,3820
4412,5844,3842
4413,6114,3849
4414,5877,3684
4415,6116,3719
4416,6045,3820
4417,6006,3883
4418,6204,3894
4419,6009,3655
4420,6202,3627
4421,6150,3970
4422,6137,4025
4423,6331,4047
4424,6123,3868
4425,6317,3816
4426,6180,4000
4427,6096,4098
4428,6310,4005
4429,6091,3891
4430,6289,3824
4431,6270,4060
4432,6176,4127
4433,6391,4062
4434,6218,3884
4435,6379,3880
4436,6330,4060
4437,6269,4072
4438,6523,4146
4439,6310,3946
4440,6450,3950
4441,6330,4060
4442,6255,4117
4443,6441,4110
4444,6258,3898
4445,6447,3925
4446,6765,4045
4447,6761,4046
4448,6929,4109
4449,6702,3863
4450,6869,3897
4451,6480,3925
4452,6390,3945
4453,6646,3994
4454,6457,3763
4455,6586,3756
4456,6480,3925
4457,6431,3987
4458,6637,4010
4459,6426,3810
4460,6657,3782
4461,5790,3730
4462,5717,3783
4463,5892,3734
4464,5753,3550
4465,5983,3592
4466,5355,3730
4467,5327,3822
4468,5544,3826
4469,5329,3612
4470,5510,3582
4471,5130,3670
4472,5072,3724
4473,5263,3674
4474,5080,3551
4475,5322,3477
4476,4950,3625
4477,4872,3714
4478,5125,3670
4479,4936,3431
4480,5104,3508
4481,4890,3595
4482,4810,3615
4483,5067,3609
4484,4794,3414
4485,5009,3407
4486,4740,3370
4487,4709,3417
4488,4870,3449
4489,4688,3225
4490,4929,3268
4491,4560,3175
4492,4487,3221
4493,4709,3257
4494,4550,3004
4495,4751,2998
4496,4500,3160
4497,4477,3226
4498,4672,3203
4499,4426,2986
4500,4676,3003
4501,4335,2965
4502,4263,2996
4503,4498,3020
4504,4310,2774
4505,4456,2854
4506,4230,2875
4507,4142,2916
4508,4344,2961
4509,4214,2689
4510,4360,2741
4511,4230,2590
4512,4218,2661
4513,4367,2669
4514,4154,2445
4515,4358,2445
4516,4500,2350
4517,4440,2419
4518,4672,2403
4519,4489,2168
4520,4667,2162
4521,7440,4075
4522,7415,4137
4523,7625,4076
4524,7342,3940
4525,7565,3943
4526,7335,3760
4527,7261,3808
4528,7498,3852
4529,7242,3594
4530,7438,3589
4531,7050,3340
4532,7003,3342
4533,7173,3409
4534,7025,3176
4535,7178,3216
4536,6945,2710
4537,6882,2784
4538,7047,2760
4539,6847,2569
4540,7098,2575
4541,6915,2185
4542,6902,2273
4543,7081,2213
4544,6824,2049
4545,7069,2011
4546,6945,1735
4547,6882,1779
4548,7049,1808
4549,6887,1624
4550,7078,1600
4551,6810,1465
4552,6755,1481
4553,6941,1492
4554,6780,1311
4555,6927,1328
4556,6690,1180
4557,6683,1235
4558,6876,1188
4559,6680,1002
4560,6849,1056
4561,6615,1000
4562,6605,1084
4563,6748,1011
4564,6537,879
4565,6749,836
4566,6525,880
4567,6494,883
4568,6687,883
4569,6438,734
4570,6670,726
4571,6420,745
4572,6409,832
4573,6607,773
4574,6352,605
4575,6540,635
4576,6645,1090
4577,6577,1176
4578,6794,1094
4579,6622,973
4580,6754,912
4581,6735,1180
4582,6642,1204
4583,6845,1205
4584,6701,1066
4585,6925,1053
4586,6795,1330
4587,6742,1331
4588,6956,1388
4589,6741,1135
4590,6960,1180
4591,6810,1540
4592,6720,1631
4593,6927,1588
4594,6798,1394
4595,6970,1372
4596,6705,1090
4597,6685,1134
4598,6820,1102
4599,6693,908
4600,6834,966
4601,6645,1015
4602,6609,1100
4603,6767,1059
4604,6610,875
4605,6792,828
4606,6600,865
4607,6596,877
4608,6727,877
4609,6566,682
4610,6716,714
4611,6735,775
4612,6669,777
4613,6878,835
4614,6697,576
4615,6899,639
4616,6765,820
4617,6727,823
4618,6876,827
4619,6713,720
4620,6908,635
4621,6840,1045
4622,6826,1085
4623,7035,1089
4624,6785,920
4625,6969,876
4626,6855,1375
4627,6797,1387
4628,7039,1416
4629,6853,1239
4630,6980,1195
4631,6825,1735
4632,6811,1830
4633,7018,1777
4634,6804,1613
4635,6982,1596
4636,6870,1855
4637,6772,1893
4638,7031,1918
4639,6853,1660
4640,7047,1667
4641,6900,1975
4642,6899,2040
4643,7053,2075
4644,6830,1782
4645,7063,1777
4646,7050,2050
4647,6958,2126
4648,7208,2070
4649,7017,1871
4650,7166,1887
4651,7065,2215
4652,7055,2261
4653,7255,2281
4654,7029,2074
4655,7228,2114
4656,7080,2260
4657,7006,2284
4658,7270,2317
4659,6997,2068
4660,7236,2103
4661,7110,2485
4662,7036,2520
4663,7231,2572
4664,7056,2316
4665,7282,2385
4666,7125,2620
4667,7046,2698
4668,7298,2643
4669,7122,2484
4670,7238,2496
4671,7125,2890
4672,7096,2918
4673,7285,2899
4674,7067,2709
4675,7232,2741
4676,7245,3010
4677,7204,3046
4678,7368,3073
4679,7220,2894
4680,7349,2893
4681,7245,3145
4682,7238,3169
4683,7369,3224
4684,7162,2966
4685,7427,2946
4686,7320,3475
4687,7225,3569
4688,7475,3500
4689,7235,3342
4690,7463,3286
4691,7350,3520
4692,7305,3539
4693,7478,3565
4694,7288,3353
4695,7464,3414
4696,7365,3565
4697,7291,3614
4698,7549,3621
4699,7347,3373
4700,7512,3372
4701,7425,3880
4702,7350,3889
4703,7613,3932
4704,7394,3733
4705,7544,3759
4706,7470,3895
4707,7455,3993
4708,7598,3897
4709,7414,3700
4710,7601,3712
4711,7500,3985
4712,7466,4076
4713,7619,4034
4714,7477,3862
4715,7610,3787
4716,7500,4105
4717,7451,4143
4718,7600,4116
4719,7464,3960
4720,7610,3994
4721,7560,4120
4722,7506,4183
4723,7697,4201
4724,7487,3922
4725,7666,3930
4726,7440,3655
4727,7427,3721
4728,7557,3684
4729,7350,3509
4730,7640,3525
4731,7440,3535
4732,7370,3556
4733,7597,3631
4734,7424,3360
4735,7560,3385
4736,7395,3460
4737,7355,3538
4738,7590,3463
4739,7341,3360
4740,7512,3266
4741,7335,3325
4742,7318,3387
4743,7531,3366
4744,7250,3167
4745,7503,3194
4746,7320,3235
4747,7254,3307
4748,7469,3315
4749,7258,3124
4750,7496,3079
4751,7305,3205
4752,7276,3288
4753,7473,3267
4754,7289,3057
4755,7472,3018
4756,7350,2980
4757,7327,3025
4758,7544,2986
4759,7301,2798
4760,7544,2811
4761,7350,2935
4762,7310,3016
4763,7540,2941
4764,7309,2784
4765,7482,2765
4766,7230,2755
4767,7183,2847
4768,7376,2785
4769,7182,2639
4770,7415,2570
4771,7230,2710
4772,7145,2763
4773,7407,2731
4774,7133,2543
4775,7409,2576
4776,7185,2485
4777,7113,2497
4778,7307,2582
4779,7091,2369
4780,7350,2326
4781,7185,2395
4782,7087,2490
4783,7330,2448
4784,7168,2293
4785,7307,2264
4786,7125,2140
4787,7093,2141
4788,7261,2195
4789,7104,1954
4790,7276,1997
4791,7110,2080
4792,7096,2085
4793,7219,2128
4794,7074,1923
4795,7288,1965
4796,7080,2200
4797,7018,2256
4798,7183,2250
4799,7015,2072
4800,7236,2009
4801,7065,2440
4802,6998,2519
4803,7250,2495
4804,6978,2304
4805,7227,2300
4806,7065,2650
4807,6969,2723
4808,7206,2680
4809,7007,2505
4810,7263,2495
4811,7785,4180
4812,7694,4194
4813,7973,4199
4814,7779,4038
4815,7976,4023
4816,8130,4255
4817,8062,4305
4818,8294,4295
4819,8094,4114
4820,8322,4066
4821,8430,4240
4822,8410,4247
4823,8565,4327
4824,8403,4061
4825,8609,4120
4826,8130,4195
4827,8117,4279
4828,8318,4224
4829,8097,4076
4830,8283,4050
4831,8445,4255
4832,8355,4310
4833,8585,4262
4834,8361,4106
4835,8587,4072
4836,8580,4195
4837,8514,4266
4838,8709,4237
4839,8497,4014
4840,8777,4017
4841,8685,4120
4842,8651,4175
4843,8805,4146
4844,8674,3965
4845,8881,3921
4846,8910,3985
4847,8850,3993
4848,9012,4012
4849,8889,3853
4850,9050,3846
4851,9015,3805
4852,8929,3809
4853,9205,3894
4854,8972,3704
4855,9172,3686
4856,9120,3820
4857,9090,3912
4858,9243,3851
4859,9039,3646
4860,9317,3637
4861,9105,3460
4862,9023,3558
4863,9271,3505
4864,9090,3271
4865,9244,3261
4866,9030,3175
4867,9020,3196
4868,9137,3175
4869,8932,3065
4870,9215,3013
4871,9090,2860
4872,9035,2895
4873,9253,2900
4874,9030,2737
4875,9250,2669
4876,8970,2680
4877,8935,2770
4878,9141,2762
4879,8965,2537
4880,9087,2551
4881,8895,2545
4882,8854,2556
4883,9091,2565
4884,8882,2438
4885,9028,2398
4886,8820,2320
4887,8781,2417
4888,8949,2343
4889,8783,2143
4890,8931,2182
4891,7320,2140
4892,7248,2164
4893,7503,2173
4894,7312,1998
4895,7496,2019
4896,7515,2200
4897,7458,2239
4898,7713,2270
4899,7486,2085
4900,7696,2059
4901,7725,2185
4902,7641,2254
4903,7863,2211
4904,7645,2052
4905,7828,2018
4906,7950,2215
4907,7928,2227
4908,8142,2285
4909,7935,2056
4910,8094,2022
4911,8340,2350
4912,8329,2394
4913,8516,2395
4914,8277,2168
4915,8471,2213
4916,8460,2455
4917,8390,2469
4918,8589,2525
4919,8431,2342
4920,8575,2310
4921,8775,2635
4922,8687,2681
4923,8889,2672
4924,8683,2443
4925,8949,2450
4926,8100,2410
4927,8066,2451
4928,8222,2426
4929,8094,2230
4930,8210,2259
4931,8325,2395
4932,8277,2467
4933,8492,2445
4934,8325,2228
4935,8474,2232
4936,8100,2335
4937,8051,2425
4938,8288,2392
4939,8020,2171
4940,8244,2171
4941,8040,2320
4942,8013,2339
4943,8191,2350
4944,8017,2211
4945,8211,2195
4946,7905,2305
4947,7856,2363
4948,8048,2343
4949,7820,2139
4950,8038,2167
4951,7590,2260
4952,7532,2343
4953,7771,2283
4954,7496,2137
4955,7746,2137
4956,7485,2245
4957,7416,2287
4958,7587,2251
4959,7429,2053
4960,7677,2120
4961,7230,2185
4962,7154,2246
4963,7403,2263
4964,7181,2075
4965,7349,2073
4966,7605,2230
4967,7562,2269
4968,7786,2238
4969,7578,2088
4970,7742,2051
4971,7905,2260
4972,7890,2311
4973,8047,2300
4974,7885,2085
4975,8080,2116
4976,8055,2245
4977,8049,2290
4978,8250,2337
4979,8022,2124
4980,8240,2093
4981,8355,2350
4982,8346,2398
4983,8460,2407
4984,8311,2231
4985,8497,2178
4986,8535,2455
4987,8443,2513
4988,8695,2458
4989,8528,2323
4990,8684,2257
4991,7245,2050
4992,7151,2101
4993,7421,2125
4994,7192,1903
4995,7379,1901
4996,7050,1855
4997,7016,1930
4998,7242,1945
4999,6965,1677
5000,7197,1685
5001,7035,1570
5002,7032,1625
5003,7207,1611
5004,6952,1408
5005,7201,1441
5006,6735,970
5007,6666,1061
5008,6841,1068
5009,6734,808
5010,6928,849
5011,6720,805
5012,6649,863
5013,6828,808
5014,6652,639
5015,6875,641
5016,6690,700
5017,6661,705
5018,6808,775
5019,6601,513
5020,6794,596
5021,7440,4060
5022,7408,4117
5023,7640,4067
5024,7398,3897
5025,7557,3952
5026,7605,4195
5027,7556,4208
5028,7748,4262
5029,7522,4039
5030,7800,4023
5031,7680,4270
5032,7659,4318
5033,7843,4369
5034,7640,4115
5035,7845,4156
5036,7725,4285
5037,7661,4296
5038,7923,4307
5039,7707,4112
5040,7906,4106
5041,7860,4300
5042,7789,4328
5043,7973,4328
5044,7764,4153
5045,7978,4165
5046,7935,4240
5047,7926,4338
5048,8132,4326
5049,7907,4100
5050,8113,4063
5051,8115,4165
5052,8097,4260
5053,8280,4204
5054,8071,4025
5055,8304,4041
5056,8145,4150
5057,8128,4219
5058,8302,4156
5059,8098,3989
5060,8247,4030
5061,8325,4060
5062,8229,4104
5063,8461,4140
5064,8307,3921
5065,8520,3926
5066,8550,4060
5067,8528,4081
5068,8742,4089
5069,8539,3922
5070,8718,3899
5071,8835,4030
5072,8797,4104
5073,8975,4127
5074,8781,3884
5075,8986,3911
5076,8850,3925
5077,8790,3977
5078,8969,3927
5079,8797,3749
5080,9043,3773
5081,8865,3835
5082,8785,3916
5083,9059,3872
5084,8779,3670
5085,9037,3704
5086,8910,3805
5087,8846,3864
5088,9064,3877
5089,8903,3629
5090,9101,3657
5091,8970,3640
5092,8915,3701
5093,9083,3688
5094,8923,3442
5095,9146,3517
5096,9000,3595
5097,8930,3632
5098,9111,3680
5099,8991,3452
5100,9179,3494
5101,9015,3535
5102,8916,3547
5103,9128,3611
5104,8943,3387
5105,9191,3385
5106,9060,3475
5107,9050,3559
5108,9167,3564
5109,8968,3297
5110,9231,3311
5111,9090,3340
5112,9045,3370
5113,9199,3407
5114,8993,3220
5115,9279,3177
5116,9165,3235
5117,9144,3333
5118,9322,3265
5119,9074,3048
5120,9349,3045
5121,9120,2980
5122,9092,2992
5123,9237,3050
5124,9066,2864
5125,9251,2864
5126,9090,2875
5127,9055,2949
5128,9267,2931
5129,9050,2705
5130,9223,2742
5131,9015,2770
5132,8932,2826
5133,9167,2800
5134,8937,2632
5135,9131,2608
5136,9015,2695
5137,8927,2704
5138,9197,2707
5139,8942,2562
5140,9148,2549
5141,8955,2545
5142,8912,2603
5143,9086,2640
5144,8951,2354
5145,9116,2391
5146,8850,2545
5147,8836,2547
5148,9038,2592
5149,8825,2368
5150,8952,2364
5151,8775,2455
5152,8732,2470
5153,8943,2466
5154,8709,2278
5155,8957,2309
5156,8715,2440
5157,8668,2487
5158,8826,2446
5159,8684,2334
5160,8868,2247
5161,8640,2395
5162,8623,2418
5163,8820,2421
5164,8541,2295
5165,8833,2205
5166,8610,2365
5167,8589,2408
5168,8776,2402
5169,8585,2242
5170,8713,2232
5171,8565,2335
5172,8565,2416
5173,8747,2420
5174,8528,2173
5175,8675,2195
5176,8460,2335
5177,8389,2421
5178,8629,2422
5179,8420,2204
5180,8627,2179
5181,8790,2560
5182,8763,2644
5183,8980,2597
5184,8776,2393
5185,8940,2411
5186,9045,2740
5187,9013,2813
5188,9180,2743
5189,9033,2606
5190,9206,2627
5191,9075,2980
5192,9045,3009
5193,9194,3008
5194,9011,2862
5195,9202,2811
5196,9135,3190
5197,9097,3191
5198,9316,3220
5199,9061,3057
5200,9236,3030
5201,9135,3640
5202,9089,3654
5203,9320,3644
5204,9113,3522
5205,9293,3486
5206,9135,3685
5207,9113,3752
5208,9256,3702
5209,9073,3551
5210,9236,3538
5211,9030,3925
5212,9022,3960
5213,9133,3938
5214,9007,3756
5215,9188,3767
5216,8925,3925
5217,8905,3992
5218,9097,3936
5219,8915,3787
5220,9104,3795
5221,8730,3970
5222,8679,4059
5223,8920,3972
5224,8729,3794
5225,8872,3838
5226,8355,4135
5227,8289,4234
5228,8503,4192
5229,8304,3987
5230,8504,3975
5231,8295,4195
5232,8287,4268
5233,8456,4212
5234,8206,4053
5235,8422,4064
5236,8100,4225
5237,8006,4284
5238,8267,4228
5239,8080,4056
5240,8227,4034
5241,7815,4165
5242,7800,4248
5243,7946,4171
5244,7792,3997
5245,7942,4057
5246,7710,4120
5247,7671,4165
5248,7852,4215
5249,7657,4017
5250,7839,3944
5251,7605,4240
5252,7599,4258
5253,7721,4255
5254,7568,4080
5255,7764,4125
5256,7590,4030
5257,7556,4082
5258,7780,4112
5259,7508,3878
5260,7760,3862
5261,7530,3970
5262,7515,4043
5263,7661,4060
5264,7464,3851
5265,7668,3864
5266,7455,3775
5267,7440,3854
5268,7582,3784
5269,7412,3653
5270,7620,3654
5271,7245,3445
5272,7169,3491
5273,7438,3525
5274,7203,3296
5275,7424,3312
5276,7245,3205
5277,7229,3227
5278,7413,3228
5279,7176,3092
5280,7377,3018
5281,7275,3145
5282,7250,3177
5283,7392,3176
5284,7273,2993
5285,7474,2994
5286,7605,4360
5287,7535,4437
5288,7734,4432
5289,7509,4230
5290,7789,4241
5291,7605,4360
5292,7511,4390
5293,7724,4449
5294,7526,4227
5295,7718,4249
5296,7350,2740
5297,7337,2782
5298,7475,2741
5299,7293,2565
5300,7489,2569
5301,7350,2740
5302,7330,2777
5303,7463,2742
5304,7342,2546
5305,7487,2572
5306,5595,3985
5307,5516,3999
5308,5767,4044
5309,5508,3832
5310,5705,3789
5311,5370,3985
5312,5335,4033
5313,5487,4001
5314,5347,3846
5315,5556,3810
5316,5370,3970
5317,5367,4059
5318,5556,4061
5319,5349,3805
5320,5485,3823
